record_id,collection_month,year,month,month_name,city,state,e_waste_type,collection_channel,sector,e_waste_collected_kg,formal_collected_kg,informal_collected_kg,material_recovered_kg,disposed_kg,hazardous_kg,estimated_jobs_supported,estimated_revenue_inr,recovery_rate_pct,compliance_score_pct,worker_safety_score_pct,primary_material,recycling_method,quarter,formal_share_pct,informal_share_pct,recovery_value_inr_per_kg
EW100548,2023-01-01,2023,1,Jan,Guwahati,Assam,Small Appliance,Scrap Dealer,Informal,700,27.89,672.11,380.16,319.84,59.86,1,13824.71,54.31,37.35,31.67,Aluminium,Refurbishment,Q1,3.98,96.02,36.37
EW100901,2023-01-01,2023,1,Jan,Guwahati,Assam,Refrigerator,Authorized Collection Center,Formal,1385,1340.44,44.56,1006.72,378.28,131.81,3,134370.95,72.69,89.57,88.56,Non-ferrous Metals,Manual Sorting,Q1,96.78,3.22,133.47
EW100446,2023-01-01,2023,1,Jan,Delhi,Delhi,Mobile Phone,Authorized Collection Center,Formal,698,635.7,62.3,627.09,70.91,55.18,1,43484.18,89.84,78.96,77.99,Non-ferrous Metals,Landfill/Disposal,Q1,91.07,8.93,69.34
EW101115,2023-01-01,2023,1,Jan,Delhi,Delhi,Printer,Scrap Dealer,Informal,194,36.66,157.34,55.03,138.97,8.99,1,7140.68,28.36,10.83,28.34,Non-ferrous Metals,Refurbishment,Q1,18.9,81.1,129.76
EW100014,2023-01-01,2023,1,Jan,Ahmedabad,Gujarat,Desktop/PC,Authorized Collection Center,Formal,4141,3730.64,410.36,3061.95,1079.05,189.43,10,336545.75,73.94,81.26,98.91,Aluminium,Repair & Reuse,Q1,90.09,9.91,109.91
EW101074,2023-01-01,2023,1,Jan,Ahmedabad,Gujarat,Small Appliance,Retailer,Formal,2562,1982.79,579.21,2359.08,202.92,126.59,3,184168.83,92.08,93.44,85.26,Ferrous Metals,Refurbishment,Q1,77.39,22.61,78.07
EW100592,2023-01-01,2023,1,Jan,Surat,Gujarat,Mobile Phone,Scrap Dealer,Informal,522,125.83,396.17,338.8,183.2,57.33,2,30245.73,64.9,14.25,53.07,Precious Metals,Material Recovery,Q1,24.11,75.89,89.27
EW100908,2023-01-01,2023,1,Jan,Surat,Gujarat,Printer,Scrap Dealer,Informal,928,48.17,879.83,537.29,390.71,69.99,4,87877.13,57.9,5.97,37.23,Non-ferrous Metals,Repair & Reuse,Q1,5.19,94.81,163.56
EW100414,2023-01-01,2023,1,Jan,Mysuru,Karnataka,Desktop/PC,Informal Collector,Informal,4302,150.06,4151.94,2677.56,1624.44,148.62,14,439425.31,62.24,15.51,41.25,Precious Metals,Landfill/Disposal,Q1,3.49,96.51,164.11
EW100529,2023-01-01,2023,1,Jan,Mysuru,Karnataka,Refrigerator,Informal Collector,Informal,3289,731.37,2557.63,2060.51,1228.49,353.8,11,194702.85,62.65,18.32,25.62,Copper,Refurbishment,Q1,22.24,77.76,94.49
EW100551,2023-01-01,2023,1,Jan,Bhopal,Madhya Pradesh,Mobile Phone,Producer Take-back,Formal,4639,4279.08,359.92,3312.54,1326.46,390.08,3,354929.21,71.41,78.72,79.39,Ferrous Metals,Repair & Reuse,Q1,92.24,7.76,107.15
EW100617,2023-01-01,2023,1,Jan,Bhopal,Madhya Pradesh,Monitor,Retailer,Formal,382,355.06,26.94,326.22,55.78,36.64,1,43570.47,85.4,89.62,93.46,Non-ferrous Metals,Manual Sorting,Q1,92.95,7.05,133.56
EW100710,2023-01-01,2023,1,Jan,Indore,Madhya Pradesh,Laptop,Authorized Collection Center,Formal,1052,991.03,60.97,934.85,117.15,35.48,1,37425.59,88.86,77.45,89.43,Mixed/Other,Manual Sorting,Q1,94.2,5.8,40.03
EW101144,2023-01-01,2023,1,Jan,Indore,Madhya Pradesh,Mobile Phone,Authorized Collection Center,Formal,4489,3879.78,609.22,3962.55,526.45,181.87,6,162792.64,88.27,91.39,82.38,Non-ferrous Metals,Landfill/Disposal,Q1,86.43,13.57,41.08
EW100025,2023-01-01,2023,1,Jan,Mumbai,Maharashtra,Television,Authorized Collection Center,Formal,639,490.46,148.54,589.8,49.2,55.88,1,76839.4,92.3,85.46,92.52,Plastic,Repair & Reuse,Q1,76.75,23.25,130.28
EW100568,2023-01-01,2023,1,Jan,Mumbai,Maharashtra,Refrigerator,Informal Collector,Informal,4585,216.35,4368.65,2762.01,1822.99,355.22,20,439736.5,60.24,42.11,62.74,Mixed/Other,Refurbishment,Q1,4.72,95.28,159.21
EW100110,2023-01-01,2023,1,Jan,Nagpur,Maharashtra,Television,Municipal Collection,Formal,1088,948.75,139.25,934.52,153.48,71.55,1,125660.56,85.89,75.42,82.76,Copper,Refurbishment,Q1,87.2,12.8,134.47
EW100226,2023-01-01,2023,1,Jan,Nagpur,Maharashtra,Mobile Phone,Scrap Dealer,Informal,3687,411.75,3275.25,2138.15,1548.85,281.72,11,88911.59,57.99,16.6,61.9,Precious Metals,Landfill/Disposal,Q1,11.17,88.83,41.58
EW100434,2023-01-01,2023,1,Jan,Nagpur,Maharashtra,Television,Producer Take-back,Formal,3024,2894.19,129.81,2401.58,622.42,101.59,4,371828.78,79.42,91.84,86.02,Copper,Refurbishment,Q1,95.71,4.29,154.83
EW100209,2023-01-01,2023,1,Jan,Nashik,Maharashtra,Mobile Phone,Authorized Collection Center,Formal,1628,1196.75,431.25,1154.24,473.76,124.42,2,180228.52,70.9,75.35,84.1,Mixed/Other,Dismantling,Q1,73.51,26.49,156.14
EW100375,2023-01-01,2023,1,Jan,Nashik,Maharashtra,Small Appliance,Municipal Collection,Formal,4040,3752.25,287.75,3777.43,262.57,341.51,6,613341.76,93.5,97.86,93.11,Mixed/Other,Material Recovery,Q1,92.88,7.12,162.37
EW100139,2023-01-01,2023,1,Jan,Pune,Maharashtra,Television,Producer Take-back,Formal,321,234.33,86.67,293.54,27.46,22.96,1,38338.32,91.45,96.48,90.28,Precious Metals,Refurbishment,Q1,73.0,27.0,130.61
EW100179,2023-01-01,2023,1,Jan,Jaipur,Rajasthan,Television,Authorized Collection Center,Formal,1535,1217.22,317.78,1126.41,408.59,117.41,1,40676.14,73.38,80.26,75.88,Glass,Refurbishment,Q1,79.3,20.7,36.11
EW100537,2023-01-01,2023,1,Jan,Chennai,Tamil Nadu,Mobile Phone,Informal Collector,Informal,4557,1208.66,3348.34,2837.61,1719.39,221.55,12,160787.25,62.27,25.4,40.73,Plastic,Manual Sorting,Q1,26.52,73.48,56.66
EW100973,2023-01-01,2023,1,Jan,Chennai,Tamil Nadu,Television,Authorized Collection Center,Formal,2526,2341.14,184.86,1972.49,553.51,162.98,2,199983.5,78.09,75.61,88.69,Non-ferrous Metals,Material Recovery,Q1,92.68,7.32,101.39
EW100362,2023-01-01,2023,1,Jan,Hyderabad,Telangana,Printer,Producer Take-back,Formal,458,405.77,52.23,348.01,109.99,49.18,1,23166.77,75.99,77.12,79.67,Plastic,Material Recovery,Q1,88.6,11.4,66.57
EW100132,2023-01-01,2023,1,Jan,Lucknow,Uttar Pradesh,Tablet,Scrap Dealer,Informal,3026,810.14,2215.86,1755.32,1270.68,272.24,5,183157.31,58.01,25.24,30.46,Copper,Repair & Reuse,Q1,26.77,73.23,104.34
EW100517,2023-01-01,2023,1,Jan,Lucknow,Uttar Pradesh,Mobile Phone,Scrap Dealer,Informal,3321,708.23,2612.77,1412.24,1908.76,344.06,11,239825.89,42.52,42.91,23.12,Ferrous Metals,Manual Sorting,Q1,21.33,78.67,169.82
EW100945,2023-01-01,2023,1,Jan,Lucknow,Uttar Pradesh,Monitor,Producer Take-back,Formal,523,415.9,107.1,471.18,51.82,36.29,1,81680.07,90.09,93.56,97.38,Aluminium,Landfill/Disposal,Q1,79.52,20.48,173.35
EW100465,2023-01-01,2023,1,Jan,Kolkata,West Bengal,Mobile Phone,Informal Collector,Informal,635,92.59,542.41,386.72,248.28,70.93,1,66049.05,60.9,38.02,55.61,Mixed/Other,Landfill/Disposal,Q1,14.58,85.42,170.79
EW100600,2023-01-01,2023,1,Jan,Kolkata,West Bengal,Printer,Authorized Collection Center,Formal,4434,3876.1,557.9,4094.17,339.83,403.63,6,552641.35,92.34,83.26,81.65,Ferrous Metals,Manual Sorting,Q1,87.42,12.58,134.98
EW100029,2023-02-01,2023,2,Feb,Guwahati,Assam,Printer,Authorized Collection Center,Formal,855,701.27,153.73,732.92,122.08,51.86,1,78368.08,85.72,91.63,83.36,Plastic,Manual Sorting,Q1,82.02,17.98,106.93
EW100397,2023-02-01,2023,2,Feb,Guwahati,Assam,Mobile Phone,Retailer,Formal,675,564.81,110.19,560.37,114.63,54.93,1,45251.26,83.02,77.56,83.8,Non-ferrous Metals,Repair & Reuse,Q1,83.68,16.32,80.75
EW100034,2023-02-01,2023,2,Feb,Delhi,Delhi,Television,Authorized Collection Center,Formal,3799,3104.96,694.04,2949.42,849.58,391.87,9,524908.39,77.64,93.08,84.03,Precious Metals,Material Recovery,Q1,81.73,18.27,177.97
EW100277,2023-02-01,2023,2,Feb,Ahmedabad,Gujarat,Refrigerator,Scrap Dealer,Informal,2580,372.58,2207.42,1450.53,1129.47,147.9,6,51429.3,56.22,11.97,59.39,Ferrous Metals,Dismantling,Q1,14.44,85.56,35.46
EW100400,2023-02-01,2023,2,Feb,Ahmedabad,Gujarat,Printer,Informal Collector,Informal,3109,623.91,2485.09,790.37,2318.63,203.54,13,67299.75,25.42,6.41,53.58,Ferrous Metals,Manual Sorting,Q1,20.07,79.93,85.15
EW100742,2023-02-01,2023,2,Feb,Ahmedabad,Gujarat,Small Appliance,Authorized Collection Center,Formal,673,650.88,22.12,629.19,43.81,53.23,1,38393.07,93.49,75.61,75.95,Plastic,Manual Sorting,Q1,96.71,3.29,61.02
EW100319,2023-02-01,2023,2,Feb,Surat,Gujarat,Desktop/PC,Retailer,Formal,4376,3859.24,516.76,3893.58,482.42,462.9,7,575202.11,88.98,91.15,92.38,Aluminium,Material Recovery,Q1,88.19,11.81,147.73
EW100339,2023-02-01,2023,2,Feb,Surat,Gujarat,Small Appliance,Retailer,Formal,3336,2414.55,921.45,2483.06,852.94,360.18,3,236370.66,74.43,75.34,86.48,Non-ferrous Metals,Manual Sorting,Q1,72.38,27.62,95.19
EW100715,2023-02-01,2023,2,Feb,Mysuru,Karnataka,Television,Informal Collector,Informal,4729,1100.73,3628.27,2394.49,2334.51,273.98,17,156879.67,50.63,17.73,30.8,Non-ferrous Metals,Refurbishment,Q1,23.28,76.72,65.52
EW100459,2023-02-01,2023,2,Feb,Kochi,Kerala,Tablet,Municipal Collection,Formal,185,167.77,17.23,154.0,31.0,13.75,1,15749.48,83.24,80.9,96.96,Aluminium,Landfill/Disposal,Q1,90.69,9.31,102.27
EW100509,2023-02-01,2023,2,Feb,Bhopal,Madhya Pradesh,Printer,Municipal Collection,Formal,3067,2794.71,272.29,2149.37,917.63,191.23,6,147720.83,70.08,77.77,82.83,Non-ferrous Metals,Refurbishment,Q1,91.12,8.88,68.73
EW100795,2023-02-01,2023,2,Feb,Bhopal,Madhya Pradesh,Television,Retailer,Formal,2262,2152.69,109.31,1734.05,527.95,97.89,2,64066.93,76.66,85.15,79.5,Copper,Refurbishment,Q1,95.17,4.83,36.95
EW101077,2023-02-01,2023,2,Feb,Bhopal,Madhya Pradesh,Desktop/PC,Scrap Dealer,Informal,4462,384.2,4077.8,1577.76,2884.24,329.97,16,82973.13,35.36,12.02,31.12,Copper,Repair & Reuse,Q1,8.61,91.39,52.59
EW100807,2023-02-01,2023,2,Feb,Indore,Madhya Pradesh,Mobile Phone,Municipal Collection,Formal,4763,3863.38,899.62,4302.38,460.62,197.14,8,239207.63,90.33,91.92,96.72,Non-ferrous Metals,Landfill/Disposal,Q1,81.11,18.89,55.6
EW101129,2023-02-01,2023,2,Feb,Indore,Madhya Pradesh,Mobile Phone,Retailer,Formal,2819,2522.42,296.58,2640.0,179.0,315.9,5,132706.09,93.65,80.75,79.48,Glass,Landfill/Disposal,Q1,89.48,10.52,50.27
EW100001,2023-02-01,2023,2,Feb,Mumbai,Maharashtra,Laptop,Informal Collector,Informal,4923,127.98,4795.02,2264.14,2658.86,324.86,8,398928.47,45.99,14.31,24.08,Aluminium,Material Recovery,Q1,2.6,97.4,176.19
EW100610,2023-02-01,2023,2,Feb,Mumbai,Maharashtra,Air Conditioner,Authorized Collection Center,Formal,2095,2027.63,67.37,1719.28,375.72,197.71,3,273257.11,82.07,97.31,79.42,Glass,Refurbishment,Q1,96.78,3.22,158.94
EW101140,2023-02-01,2023,2,Feb,Mumbai,Maharashtra,Mobile Phone,Scrap Dealer,Informal,375,71.19,303.81,140.86,234.14,17.73,1,16665.05,37.56,17.61,43.08,Copper,Dismantling,Q1,18.98,81.02,118.31
EW100011,2023-02-01,2023,2,Feb,Nagpur,Maharashtra,Laptop,Producer Take-back,Formal,3232,2551.22,680.78,3018.43,213.57,216.52,2,256673.12,93.39,90.22,91.34,Copper,Repair & Reuse,Q1,78.94,21.06,85.04
EW100060,2023-02-01,2023,2,Feb,Nashik,Maharashtra,Television,Producer Take-back,Formal,2196,2053.19,142.81,2040.87,155.13,133.58,2,196784.16,92.94,81.91,89.76,Non-ferrous Metals,Manual Sorting,Q1,93.5,6.5,96.42
EW100417,2023-02-01,2023,2,Feb,Nashik,Maharashtra,Printer,Authorized Collection Center,Formal,837,719.77,117.23,685.22,151.78,55.67,1,121100.08,81.87,95.48,86.96,Mixed/Other,Manual Sorting,Q1,85.99,14.01,176.73
EW100447,2023-02-01,2023,2,Feb,Nashik,Maharashtra,Printer,Informal Collector,Informal,1388,41.84,1346.16,599.93,788.07,152.94,4,93407.23,43.22,44.66,27.36,Glass,Landfill/Disposal,Q1,3.01,96.99,155.7
EW100921,2023-02-01,2023,2,Feb,Nashik,Maharashtra,Monitor,Producer Take-back,Formal,3575,2921.13,653.87,3354.15,220.85,427.33,3,470471.75,93.82,76.24,75.72,Glass,Landfill/Disposal,Q1,81.71,18.29,140.27
EW100435,2023-02-01,2023,2,Feb,Pune,Maharashtra,Television,Municipal Collection,Formal,3265,2615.36,649.64,2666.14,598.86,117.36,8,232510.8,81.66,86.47,83.53,Copper,Manual Sorting,Q1,80.1,19.9,87.21
EW100464,2023-02-01,2023,2,Feb,Pune,Maharashtra,Printer,Scrap Dealer,Informal,1644,101.13,1542.87,930.56,713.44,140.51,2,116570.46,56.6,17.36,36.59,Precious Metals,Manual Sorting,Q1,6.15,93.85,125.27
EW101076,2023-02-01,2023,2,Feb,Pune,Maharashtra,Tablet,Authorized Collection Center,Formal,2949,2151.37,797.63,2462.85,486.15,191.71,6,194041.68,83.51,85.37,87.67,Glass,Material Recovery,Q1,72.95,27.05,78.79
EW100553,2023-02-01,2023,2,Feb,Jaipur,Rajasthan,Air Conditioner,Informal Collector,Informal,1118,33.4,1084.6,724.28,393.72,82.04,4,72852.34,64.78,6.73,33.93,Copper,Landfill/Disposal,Q1,2.99,97.01,100.59
EW100784,2023-02-01,2023,2,Feb,Jaipur,Rajasthan,Small Appliance,Municipal Collection,Formal,4770,4542.7,227.3,3605.14,1164.86,384.67,4,608127.75,75.58,78.38,80.4,Non-ferrous Metals,Material Recovery,Q1,95.23,4.77,168.68
EW100368,2023-02-01,2023,2,Feb,Chennai,Tamil Nadu,Refrigerator,Informal Collector,Informal,2801,178.23,2622.77,835.11,1965.89,101.07,11,141698.3,29.81,22.22,25.36,Glass,Manual Sorting,Q1,6.36,93.64,169.68
EW100467,2023-02-01,2023,2,Feb,Hyderabad,Telangana,Refrigerator,Municipal Collection,Formal,950,832.04,117.96,730.39,219.61,110.01,2,101150.32,76.88,94.64,91.02,Ferrous Metals,Dismantling,Q1,87.58,12.42,138.49
EW100320,2023-02-01,2023,2,Feb,Lucknow,Uttar Pradesh,Desktop/PC,Scrap Dealer,Informal,2740,465.77,2274.23,1303.06,1436.94,205.57,4,62588.57,47.56,29.04,35.34,Mixed/Other,Dismantling,Q1,17.0,83.0,48.03
EW100801,2023-02-01,2023,2,Feb,Lucknow,Uttar Pradesh,Tablet,Authorized Collection Center,Formal,2966,2532.27,433.73,2567.07,398.93,336.22,2,445087.69,86.55,97.11,76.3,Glass,Landfill/Disposal,Q1,85.38,14.62,173.38
EW100059,2023-02-01,2023,2,Feb,Kolkata,West Bengal,Television,Scrap Dealer,Informal,2933,467.77,2465.23,1177.68,1755.32,208.62,10,126991.74,40.15,26.59,41.89,Glass,Repair & Reuse,Q1,15.95,84.05,107.83
EW100376,2023-02-01,2023,2,Feb,Kolkata,West Bengal,Mobile Phone,Retailer,Formal,2779,2576.34,202.66,2424.02,354.98,244.82,2,277117.34,87.23,77.1,84.06,Copper,Refurbishment,Q1,92.71,7.29,114.32
EW100589,2023-03-01,2023,3,Mar,Guwahati,Assam,Desktop/PC,Informal Collector,Informal,1056,194.25,861.75,453.91,602.09,49.61,3,50676.71,42.98,37.42,53.1,Plastic,Manual Sorting,Q1,18.39,81.61,111.64
EW100859,2023-03-01,2023,3,Mar,Guwahati,Assam,Desktop/PC,Informal Collector,Informal,566,140.08,425.92,350.71,215.29,51.13,2,32508.26,61.96,43.12,51.63,Precious Metals,Repair & Reuse,Q1,24.75,75.25,92.69
EW100992,2023-03-01,2023,3,Mar,Guwahati,Assam,Laptop,Producer Take-back,Formal,423,328.51,94.49,323.63,99.37,36.62,1,23463.76,76.51,86.23,80.59,Mixed/Other,Manual Sorting,Q1,77.66,22.34,72.5
EW100002,2023-03-01,2023,3,Mar,Delhi,Delhi,Refrigerator,Authorized Collection Center,Formal,2515,2426.91,88.09,2078.53,436.47,162.69,2,142337.2,82.65,80.78,91.4,Glass,Manual Sorting,Q1,96.5,3.5,68.48
EW100469,2023-03-01,2023,3,Mar,Delhi,Delhi,Television,Scrap Dealer,Informal,2343,380.03,1962.97,1097.69,1245.31,89.16,6,174232.78,46.85,39.25,24.47,Mixed/Other,Landfill/Disposal,Q1,16.22,83.78,158.73
EW100189,2023-03-01,2023,3,Mar,Ahmedabad,Gujarat,Mobile Phone,Authorized Collection Center,Formal,4538,3725.14,812.86,3274.65,1263.35,145.68,9,332330.62,72.16,81.94,96.6,Copper,Manual Sorting,Q1,82.09,17.91,101.49
EW101109,2023-03-01,2023,3,Mar,Ahmedabad,Gujarat,Television,Informal Collector,Informal,202,27.23,174.77,92.37,109.63,15.55,1,10167.31,45.73,5.35,20.08,Aluminium,Material Recovery,Q1,13.48,86.52,110.07
EW100070,2023-03-01,2023,3,Mar,Surat,Gujarat,Tablet,Producer Take-back,Formal,1359,1173.54,185.46,1078.22,280.78,76.79,3,157121.42,79.34,78.36,95.84,Mixed/Other,Material Recovery,Q1,86.35,13.65,145.72
EW100176,2023-03-01,2023,3,Mar,Surat,Gujarat,Mobile Phone,Authorized Collection Center,Formal,3596,2619.64,976.36,3257.34,338.66,128.82,8,125881.84,90.58,91.67,76.97,Aluminium,Repair & Reuse,Q1,72.85,27.15,38.65
EW100178,2023-03-01,2023,3,Mar,Surat,Gujarat,Small Appliance,Informal Collector,Informal,3078,848.91,2229.09,1100.64,1977.36,205.08,14,38988.66,35.76,6.59,47.18,Plastic,Material Recovery,Q1,27.58,72.42,35.42
EW100539,2023-03-01,2023,3,Mar,Surat,Gujarat,Mobile Phone,Authorized Collection Center,Formal,4674,3823.64,850.36,4276.09,397.91,169.54,4,724436.37,91.49,90.56,84.11,Glass,Repair & Reuse,Q1,81.81,18.19,169.42
EW100543,2023-03-01,2023,3,Mar,Surat,Gujarat,Tablet,Informal Collector,Informal,2304,466.98,1837.02,1457.03,846.97,179.3,6,252484.61,63.24,30.68,33.42,Aluminium,Landfill/Disposal,Q1,20.27,79.73,173.29
EW100101,2023-03-01,2023,3,Mar,Bengaluru,Karnataka,Refrigerator,Informal Collector,Informal,2350,377.73,1972.27,1254.02,1095.98,254.71,9,189670.77,53.36,18.58,56.67,Precious Metals,Material Recovery,Q1,16.07,83.93,151.25
EW100475,2023-03-01,2023,3,Mar,Bengaluru,Karnataka,Laptop,Scrap Dealer,Informal,1204,88.25,1115.75,658.34,545.66,41.78,5,41961.91,54.68,39.98,35.86,Non-ferrous Metals,Material Recovery,Q1,7.33,92.67,63.74
EW101147,2023-03-01,2023,3,Mar,Bengaluru,Karnataka,Desktop/PC,Authorized Collection Center,Formal,4954,4253.18,700.82,4173.52,780.48,589.17,7,186167.79,84.25,97.97,94.03,Copper,Manual Sorting,Q1,85.85,14.15,44.61
EW100584,2023-03-01,2023,3,Mar,Mysuru,Karnataka,Mobile Phone,Retailer,Formal,1804,1378.74,425.26,1354.16,449.84,88.66,3,146283.17,75.06,95.81,97.86,Precious Metals,Repair & Reuse,Q1,76.43,23.57,108.03
EW100941,2023-03-01,2023,3,Mar,Mysuru,Karnataka,Tablet,Scrap Dealer,Informal,1021,235.66,785.34,433.75,587.25,42.01,3,75075.52,42.48,36.72,46.04,Ferrous Metals,Material Recovery,Q1,23.08,76.92,173.08
EW100578,2023-03-01,2023,3,Mar,Kochi,Kerala,Mobile Phone,Retailer,Formal,636,499.95,136.05,568.92,67.08,46.86,1,45053.3,89.45,79.36,77.06,Non-ferrous Metals,Manual Sorting,Q1,78.61,21.39,79.19
EW100342,2023-03-01,2023,3,Mar,Bhopal,Madhya Pradesh,Laptop,Producer Take-back,Formal,1096,1050.58,45.42,966.93,129.07,114.0,2,107435.53,88.22,85.83,82.93,Mixed/Other,Landfill/Disposal,Q1,95.86,4.14,111.11
EW100232,2023-03-01,2023,3,Mar,Indore,Madhya Pradesh,Television,Retailer,Formal,448,325.49,122.51,402.37,45.63,13.9,1,70690.66,89.81,85.5,80.64,Plastic,Manual Sorting,Q1,72.65,27.35,175.69
EW100255,2023-03-01,2023,3,Mar,Indore,Madhya Pradesh,Tablet,Authorized Collection Center,Formal,1247,901.08,345.92,1082.51,164.49,97.53,2,166816.97,86.81,95.24,86.64,Plastic,Landfill/Disposal,Q1,72.26,27.74,154.1
EW101158,2023-03-01,2023,3,Mar,Indore,Madhya Pradesh,Mobile Phone,Scrap Dealer,Informal,911,195.69,715.31,299.22,611.78,65.73,4,32341.69,32.85,32.34,46.46,Precious Metals,Refurbishment,Q1,21.48,78.52,108.09
EW100007,2023-03-01,2023,3,Mar,Mumbai,Maharashtra,Printer,Authorized Collection Center,Formal,4573,3879.67,693.33,3731.16,841.84,313.15,3,188961.77,81.59,75.75,90.27,Glass,Manual Sorting,Q1,84.84,15.16,50.64
EW100068,2023-03-01,2023,3,Mar,Mumbai,Maharashtra,Refrigerator,Scrap Dealer,Informal,2223,615.93,1607.07,1092.11,1130.89,228.12,10,187777.29,49.13,10.64,38.29,Precious Metals,Dismantling,Q1,27.71,72.29,171.94
EW100956,2023-03-01,2023,3,Mar,Mumbai,Maharashtra,Laptop,Retailer,Formal,880,769.92,110.08,670.37,209.63,70.84,1,103505.31,76.18,98.56,84.87,Non-ferrous Metals,Material Recovery,Q1,87.49,12.51,154.4
EW100358,2023-03-01,2023,3,Mar,Nagpur,Maharashtra,Desktop/PC,Informal Collector,Informal,1295,240.06,1054.94,530.06,764.94,39.64,4,89378.31,40.93,37.48,57.13,Precious Metals,Refurbishment,Q1,18.54,81.46,168.62
EW100427,2023-03-01,2023,3,Mar,Nagpur,Maharashtra,Monitor,Municipal Collection,Formal,3766,3678.31,87.69,2781.35,984.65,337.47,6,466402.34,73.85,78.75,93.04,Mixed/Other,Manual Sorting,Q1,97.67,2.33,167.69
EW100762,2023-03-01,2023,3,Mar,Nashik,Maharashtra,Small Appliance,Producer Take-back,Formal,2384,1759.8,624.2,2017.84,366.16,273.05,1,282974.93,84.64,90.77,92.58,Plastic,Material Recovery,Q1,73.82,26.18,140.24
EW100860,2023-03-01,2023,3,Mar,Pune,Maharashtra,Tablet,Retailer,Formal,277,250.35,26.65,223.6,53.4,13.07,1,21378.21,80.72,77.06,77.26,Aluminium,Landfill/Disposal,Q1,90.38,9.62,95.61
EW100266,2023-03-01,2023,3,Mar,Jaipur,Rajasthan,Television,Informal Collector,Informal,3551,450.66,3100.34,1072.52,2478.48,113.7,9,159421.06,30.2,27.65,34.08,Mixed/Other,Manual Sorting,Q1,12.69,87.31,148.64
EW100306,2023-03-01,2023,3,Mar,Chennai,Tamil Nadu,Refrigerator,Informal Collector,Informal,304,40.14,263.86,113.03,190.97,14.54,1,18494.75,37.18,21.79,42.36,Precious Metals,Landfill/Disposal,Q1,13.2,86.8,163.63
EW100406,2023-03-01,2023,3,Mar,Chennai,Tamil Nadu,Tablet,Authorized Collection Center,Formal,4082,3514.88,567.12,3469.42,612.58,223.12,7,367543.75,84.99,78.2,80.82,Glass,Dismantling,Q1,86.11,13.89,105.94
EW100532,2023-03-01,2023,3,Mar,Chennai,Tamil Nadu,Monitor,Scrap Dealer,Informal,881,241.01,639.99,560.59,320.41,43.5,3,35653.47,63.63,13.54,50.42,Copper,Dismantling,Q1,27.36,72.64,63.6
EW100953,2023-03-01,2023,3,Mar,Chennai,Tamil Nadu,Television,Authorized Collection Center,Formal,201,180.39,20.61,141.99,59.01,11.97,1,6479.96,70.64,79.7,86.65,Plastic,Refurbishment,Q1,89.75,10.25,45.64
EW100163,2023-03-01,2023,3,Mar,Hyderabad,Telangana,Laptop,Retailer,Formal,2354,1759.43,594.57,2002.7,351.3,244.79,3,295324.95,85.08,98.15,79.89,Non-ferrous Metals,Repair & Reuse,Q1,74.74,25.26,147.46
EW101011,2023-03-01,2023,3,Mar,Lucknow,Uttar Pradesh,Air Conditioner,Authorized Collection Center,Formal,3000,2882.45,117.55,2675.71,324.29,177.26,7,368578.4,89.19,76.5,75.84,Plastic,Refurbishment,Q1,96.08,3.92,137.75
EW101022,2023-03-01,2023,3,Mar,Lucknow,Uttar Pradesh,Television,Informal Collector,Informal,3891,412.59,3478.41,1817.01,2073.99,452.49,8,236121.79,46.7,6.74,22.99,Ferrous Metals,Refurbishment,Q1,10.6,89.4,129.95
EW101036,2023-03-01,2023,3,Mar,Lucknow,Uttar Pradesh,Laptop,Authorized Collection Center,Formal,3008,2462.52,545.48,2700.93,307.07,175.02,5,348477.72,89.79,91.27,96.18,Mixed/Other,Landfill/Disposal,Q1,81.87,18.13,129.02
EW101066,2023-03-01,2023,3,Mar,Lucknow,Uttar Pradesh,Laptop,Municipal Collection,Formal,2685,2022.94,662.06,2260.24,424.76,94.07,6,237017.7,84.18,91.74,76.25,Precious Metals,Dismantling,Q1,75.34,24.66,104.86
EW100173,2023-03-01,2023,3,Mar,Kolkata,West Bengal,Printer,Scrap Dealer,Informal,2300,621.76,1678.24,1243.54,1056.46,132.08,10,94285.71,54.07,39.91,25.07,Aluminium,Manual Sorting,Q1,27.03,72.97,75.82
EW100245,2023-03-01,2023,3,Mar,Kolkata,West Bengal,Television,Producer Take-back,Formal,682,583.5,98.5,475.9,206.1,43.24,1,56986.58,69.78,87.92,81.45,Glass,Refurbishment,Q1,85.56,14.44,119.74
EW101021,2023-04-01,2023,4,Apr,Guwahati,Assam,Laptop,Authorized Collection Center,Formal,4382,3582.28,799.72,3624.11,757.89,461.0,3,548385.82,82.7,97.73,75.77,Aluminium,Manual Sorting,Q2,81.75,18.25,151.32
EW101046,2023-04-01,2023,4,Apr,Guwahati,Assam,Monitor,Producer Take-back,Formal,4393,3462.73,930.27,3362.55,1030.45,174.45,10,259573.79,76.54,87.49,84.39,Ferrous Metals,Manual Sorting,Q2,78.82,21.18,77.2
EW101183,2023-04-01,2023,4,Apr,Guwahati,Assam,Desktop/PC,Producer Take-back,Formal,2606,1949.87,656.13,2279.77,326.23,149.75,6,315921.53,87.48,82.84,81.95,Precious Metals,Repair & Reuse,Q2,74.82,25.18,138.58
EW100892,2023-04-01,2023,4,Apr,Delhi,Delhi,Television,Producer Take-back,Formal,806,607.69,198.31,749.88,56.12,70.23,1,72590.73,93.04,82.97,96.62,Mixed/Other,Material Recovery,Q2,75.4,24.6,96.8
EW100977,2023-04-01,2023,4,Apr,Delhi,Delhi,Air Conditioner,Authorized Collection Center,Formal,1773,1345.45,427.55,1473.09,299.91,158.79,3,106075.02,83.08,77.14,76.89,Copper,Landfill/Disposal,Q2,75.89,24.11,72.01
EW100591,2023-04-01,2023,4,Apr,Ahmedabad,Gujarat,Small Appliance,Informal Collector,Informal,3938,482.52,3455.48,986.52,2951.48,160.73,13,131102.85,25.05,21.7,52.88,Plastic,Refurbishment,Q2,12.25,87.75,132.89
EW100905,2023-04-01,2023,4,Apr,Ahmedabad,Gujarat,Television,Authorized Collection Center,Formal,3294,2592.35,701.65,3030.14,263.86,137.14,4,130126.64,91.99,91.88,96.39,Ferrous Metals,Manual Sorting,Q2,78.7,21.3,42.94
EW100410,2023-04-01,2023,4,Apr,Surat,Gujarat,Laptop,Scrap Dealer,Informal,4100,148.31,3951.69,2374.23,1725.77,237.9,11,256176.82,57.91,38.58,49.29,Copper,Dismantling,Q2,3.62,96.38,107.9
EW100495,2023-04-01,2023,4,Apr,Surat,Gujarat,Laptop,Informal Collector,Informal,1973,462.42,1510.58,822.91,1150.09,72.17,4,145737.23,41.71,28.85,51.94,Plastic,Repair & Reuse,Q2,23.44,76.56,177.1
EW100761,2023-04-01,2023,4,Apr,Surat,Gujarat,Tablet,Informal Collector,Informal,1439,275.48,1163.52,560.73,878.27,129.98,5,95322.31,38.97,38.66,49.14,Non-ferrous Metals,Material Recovery,Q2,19.14,80.86,170.0
EW101025,2023-04-01,2023,4,Apr,Surat,Gujarat,Mobile Phone,Producer Take-back,Formal,3649,3073.41,575.59,2984.36,664.64,196.18,6,408828.12,81.79,82.18,93.2,Plastic,Dismantling,Q2,84.23,15.77,136.99
EW101156,2023-04-01,2023,4,Apr,Surat,Gujarat,Laptop,Producer Take-back,Formal,1267,981.9,285.1,1020.41,246.59,93.3,2,79642.43,80.54,97.36,85.82,Copper,Repair & Reuse,Q2,77.5,22.5,78.05
EW100851,2023-04-01,2023,4,Apr,Bengaluru,Karnataka,Laptop,Authorized Collection Center,Formal,2982,2468.43,513.57,2680.71,301.29,151.19,2,346994.58,89.9,79.86,96.36,Non-ferrous Metals,Material Recovery,Q2,82.78,17.22,129.44
EW100809,2023-04-01,2023,4,Apr,Mysuru,Karnataka,Tablet,Municipal Collection,Formal,3894,3590.8,303.2,3035.77,858.23,232.61,6,258633.24,77.96,83.12,94.39,Copper,Repair & Reuse,Q2,92.21,7.79,85.2
EW100289,2023-04-01,2023,4,Apr,Kochi,Kerala,Laptop,Municipal Collection,Formal,387,346.87,40.13,317.8,69.2,23.69,1,47733.29,82.12,81.68,78.41,Mixed/Other,Material Recovery,Q2,89.63,10.37,150.2
EW100408,2023-04-01,2023,4,Apr,Kochi,Kerala,Laptop,Informal Collector,Informal,2342,51.32,2290.68,1233.5,1108.5,209.66,3,109037.09,52.67,44.16,38.93,Non-ferrous Metals,Refurbishment,Q2,2.19,97.81,88.4
EW100564,2023-04-01,2023,4,Apr,Kochi,Kerala,Small Appliance,Retailer,Formal,2335,1725.6,609.4,2052.02,282.98,129.88,5,181271.63,87.88,78.43,91.7,Aluminium,Dismantling,Q2,73.9,26.1,88.34
EW101085,2023-04-01,2023,4,Apr,Kochi,Kerala,Printer,Municipal Collection,Formal,1774,1357.13,416.87,1228.37,545.63,92.57,1,142371.51,69.24,79.44,75.93,Copper,Repair & Reuse,Q2,76.5,23.5,115.9
EW100611,2023-04-01,2023,4,Apr,Bhopal,Madhya Pradesh,Laptop,Retailer,Formal,1269,1087.96,181.04,1081.3,187.7,61.77,2,169320.4,85.21,86.31,84.87,Plastic,Dismantling,Q2,85.73,14.27,156.59
EW100422,2023-04-01,2023,4,Apr,Indore,Madhya Pradesh,Desktop/PC,Producer Take-back,Formal,4353,3141.85,1211.15,3824.56,528.44,331.99,9,423615.78,87.86,90.38,93.87,Precious Metals,Landfill/Disposal,Q2,72.18,27.82,110.76
EW101089,2023-04-01,2023,4,Apr,Indore,Madhya Pradesh,Small Appliance,Scrap Dealer,Informal,660,17.83,642.17,402.37,257.63,39.88,2,58412.6,60.96,31.02,37.77,Precious Metals,Refurbishment,Q2,2.7,97.3,145.17
EW100042,2023-04-01,2023,4,Apr,Mumbai,Maharashtra,Printer,Informal Collector,Informal,3499,314.4,3184.6,905.8,2593.2,261.85,11,140896.13,25.89,17.31,56.74,Glass,Manual Sorting,Q2,8.99,91.01,155.55
EW100192,2023-04-01,2023,4,Apr,Mumbai,Maharashtra,Refrigerator,Authorized Collection Center,Formal,1214,1131.88,82.12,890.96,323.04,121.9,2,70003.19,73.39,82.82,94.02,Plastic,Manual Sorting,Q2,93.24,6.76,78.57
EW100664,2023-04-01,2023,4,Apr,Mumbai,Maharashtra,Mobile Phone,Producer Take-back,Formal,4155,3590.23,564.77,3483.0,672.0,471.3,8,470810.66,83.83,93.89,77.79,Glass,Landfill/Disposal,Q2,86.41,13.59,135.17
EW101193,2023-04-01,2023,4,Apr,Mumbai,Maharashtra,Printer,Producer Take-back,Formal,4931,4437.18,493.82,3436.63,1494.37,575.38,6,534799.43,69.69,82.64,90.19,Ferrous Metals,Refurbishment,Q2,89.99,10.01,155.62
EW101195,2023-04-01,2023,4,Apr,Mumbai,Maharashtra,Desktop/PC,Retailer,Formal,3563,3290.47,272.53,3114.06,448.94,123.12,8,211505.68,87.4,88.28,90.46,Ferrous Metals,Repair & Reuse,Q2,92.35,7.65,67.92
EW100046,2023-04-01,2023,4,Apr,Nagpur,Maharashtra,Tablet,Informal Collector,Informal,751,48.67,702.33,245.51,505.49,25.29,1,18510.65,32.69,12.08,23.99,Ferrous Metals,Manual Sorting,Q2,6.48,93.52,75.4
EW100433,2023-04-01,2023,4,Apr,Nagpur,Maharashtra,Monitor,Informal Collector,Informal,1973,396.85,1576.15,1065.68,907.32,207.71,9,188051.9,54.01,7.61,56.98,Non-ferrous Metals,Material Recovery,Q2,20.11,79.89,176.46
EW100579,2023-04-01,2023,4,Apr,Nashik,Maharashtra,Television,Scrap Dealer,Informal,2713,522.44,2190.56,1400.76,1312.24,151.28,8,88317.66,51.63,13.41,21.04,Plastic,Material Recovery,Q2,19.26,80.74,63.05
EW100725,2023-04-01,2023,4,Apr,Nashik,Maharashtra,Air Conditioner,Producer Take-back,Formal,4083,3024.46,1058.54,3220.15,862.85,468.98,8,153853.37,78.87,95.31,92.58,Aluminium,Repair & Reuse,Q2,74.07,25.93,47.78
EW101037,2023-04-01,2023,4,Apr,Nashik,Maharashtra,Mobile Phone,Retailer,Formal,332,297.64,34.36,290.28,41.72,13.41,1,14322.79,87.43,85.4,78.03,Ferrous Metals,Manual Sorting,Q2,89.65,10.35,49.34
EW100138,2023-04-01,2023,4,Apr,Pune,Maharashtra,Laptop,Scrap Dealer,Informal,4919,1135.2,3783.8,2438.02,2480.98,528.11,14,423366.95,49.56,10.33,24.6,Mixed/Other,Refurbishment,Q2,23.08,76.92,173.65
EW100585,2023-04-01,2023,4,Apr,Pune,Maharashtra,Small Appliance,Producer Take-back,Formal,1585,1234.02,350.98,1358.63,226.37,83.73,3,158163.93,85.72,79.46,80.38,Copper,Dismantling,Q2,77.86,22.14,116.41
EW100988,2023-04-01,2023,4,Apr,Pune,Maharashtra,Monitor,Producer Take-back,Formal,2237,2124.31,112.69,1618.31,618.69,111.96,2,159973.7,72.34,96.31,81.06,Ferrous Metals,Repair & Reuse,Q2,94.96,5.04,98.85
EW100928,2023-04-01,2023,4,Apr,Jaipur,Rajasthan,Television,Authorized Collection Center,Formal,2648,1983.05,664.95,1968.52,679.48,150.43,4,182489.14,74.34,91.19,76.34,Mixed/Other,Refurbishment,Q2,74.89,25.11,92.7
EW100730,2023-04-01,2023,4,Apr,Chennai,Tamil Nadu,Monitor,Authorized Collection Center,Formal,2298,2015.56,282.44,2088.33,209.67,136.09,3,196221.32,90.88,88.46,80.48,Precious Metals,Refurbishment,Q2,87.71,12.29,93.96
EW100820,2023-04-01,2023,4,Apr,Chennai,Tamil Nadu,Laptop,Scrap Dealer,Informal,2855,590.97,2264.03,1720.67,1134.33,249.99,4,123383.89,60.27,37.32,27.52,Copper,Refurbishment,Q2,20.7,79.3,71.71
EW100845,2023-04-01,2023,4,Apr,Chennai,Tamil Nadu,Small Appliance,Scrap Dealer,Informal,1220,331.84,888.16,402.43,817.57,43.17,5,46117.51,32.99,36.87,21.97,Precious Metals,Landfill/Disposal,Q2,27.2,72.8,114.6
EW100637,2023-04-01,2023,4,Apr,Hyderabad,Telangana,Tablet,Authorized Collection Center,Formal,4866,3732.83,1133.17,4209.68,656.32,314.57,7,625462.49,86.51,98.11,78.04,Precious Metals,Refurbishment,Q2,76.71,23.29,148.58
EW100749,2023-04-01,2023,4,Apr,Hyderabad,Telangana,Air Conditioner,Retailer,Formal,316,240.11,75.89,290.04,25.96,11.31,1,18030.32,91.78,96.83,87.48,Mixed/Other,Manual Sorting,Q2,75.98,24.02,62.16
EW100426,2023-04-01,2023,4,Apr,Lucknow,Uttar Pradesh,Tablet,Producer Take-back,Formal,1847,1441.45,405.55,1561.2,285.8,220.47,3,105766.44,84.53,79.22,95.79,Aluminium,Material Recovery,Q2,78.04,21.96,67.75
EW101164,2023-04-01,2023,4,Apr,Lucknow,Uttar Pradesh,Laptop,Authorized Collection Center,Formal,4683,3898.61,784.39,3339.14,1343.86,352.29,8,280402.69,71.3,76.72,97.64,Aluminium,Repair & Reuse,Q2,83.25,16.75,83.97
EW100225,2023-04-01,2023,4,Apr,Kolkata,West Bengal,Tablet,Informal Collector,Informal,3260,566.24,2693.76,1057.72,2202.28,195.08,14,68779.37,32.45,7.85,23.11,Precious Metals,Material Recovery,Q2,17.37,82.63,65.03
EW100608,2023-04-01,2023,4,Apr,Kolkata,West Bengal,Air Conditioner,Scrap Dealer,Informal,149,36.13,112.87,77.83,71.17,6.97,1,11760.23,52.24,23.15,50.17,Precious Metals,Repair & Reuse,Q2,24.25,75.75,151.1
EW100214,2023-05-01,2023,5,May,Guwahati,Assam,Air Conditioner,Informal Collector,Informal,357,41.08,315.92,121.43,235.57,17.0,1,15209.66,34.02,36.25,46.02,Plastic,Manual Sorting,Q2,11.51,88.49,125.25
EW100779,2023-05-01,2023,5,May,Guwahati,Assam,Mobile Phone,Municipal Collection,Formal,2513,2418.63,94.37,2198.94,314.06,266.04,4,201240.9,87.5,84.43,89.78,Plastic,Repair & Reuse,Q2,96.24,3.76,91.52
EW100862,2023-05-01,2023,5,May,Guwahati,Assam,Mobile Phone,Informal Collector,Informal,1485,261.12,1223.88,927.91,557.09,66.88,5,134057.53,62.49,8.56,58.76,Aluminium,Manual Sorting,Q2,17.58,82.42,144.47
EW100015,2023-05-01,2023,5,May,Delhi,Delhi,Tablet,Authorized Collection Center,Formal,3250,2931.8,318.2,2925.43,324.57,347.97,4,478970.68,90.01,95.42,97.46,Glass,Landfill/Disposal,Q2,90.21,9.79,163.73
EW100609,2023-05-01,2023,5,May,Delhi,Delhi,Small Appliance,Producer Take-back,Formal,97,76.32,20.68,66.49,30.51,4.86,1,3323.85,68.54,85.36,80.52,Copper,Material Recovery,Q2,78.68,21.32,49.99
EW101167,2023-05-01,2023,5,May,Delhi,Delhi,Television,Scrap Dealer,Informal,4602,1100.05,3501.95,1611.44,2990.56,506.0,19,226716.82,35.02,18.86,59.94,Non-ferrous Metals,Manual Sorting,Q2,23.9,76.1,140.69
EW100269,2023-05-01,2023,5,May,Surat,Gujarat,Television,Scrap Dealer,Informal,2297,473.01,1823.99,1119.24,1177.76,79.94,7,148684.84,48.73,32.1,36.79,Precious Metals,Material Recovery,Q2,20.59,79.41,132.84
EW101027,2023-05-01,2023,5,May,Surat,Gujarat,Mobile Phone,Producer Take-back,Formal,1856,1755.16,100.84,1710.55,145.45,111.81,1,164443.13,92.16,84.46,98.68,Aluminium,Material Recovery,Q2,94.57,5.43,96.13
EW100294,2023-05-01,2023,5,May,Bengaluru,Karnataka,Small Appliance,Producer Take-back,Formal,1406,1017.87,388.13,1168.62,237.38,55.57,3,129548.55,83.12,91.79,84.86,Non-ferrous Metals,Refurbishment,Q2,72.39,27.61,110.86
EW100997,2023-05-01,2023,5,May,Mysuru,Karnataka,Desktop/PC,Municipal Collection,Formal,1744,1380.61,363.39,1359.0,385.0,111.15,2,132437.88,77.92,86.36,92.86,Non-ferrous Metals,Landfill/Disposal,Q2,79.16,20.84,97.45
EW101099,2023-05-01,2023,5,May,Kochi,Kerala,Desktop/PC,Municipal Collection,Formal,3643,3081.44,561.56,2974.76,668.24,339.44,8,291725.8,81.66,84.74,83.88,Non-ferrous Metals,Repair & Reuse,Q2,84.59,15.41,98.07
EW100530,2023-05-01,2023,5,May,Bhopal,Madhya Pradesh,Laptop,Producer Take-back,Formal,2748,2048.61,699.39,2245.04,502.96,96.56,2,149994.43,81.7,86.14,85.4,Precious Metals,Refurbishment,Q2,74.55,25.45,66.81
EW100961,2023-05-01,2023,5,May,Indore,Madhya Pradesh,Tablet,Municipal Collection,Formal,4453,3886.2,566.8,3260.72,1192.28,450.23,9,167366.55,73.23,96.89,79.67,Precious Metals,Refurbishment,Q2,87.27,12.73,51.33
EW100996,2023-05-01,2023,5,May,Indore,Madhya Pradesh,Air Conditioner,Authorized Collection Center,Formal,336,311.72,24.28,231.65,104.35,39.84,1,20173.81,68.94,82.03,79.18,Copper,Landfill/Disposal,Q2,92.77,7.23,87.09
EW100040,2023-05-01,2023,5,May,Mumbai,Maharashtra,Monitor,Retailer,Formal,4238,3484.39,753.61,3795.48,442.52,344.2,3,153106.49,89.56,78.21,75.33,Precious Metals,Landfill/Disposal,Q2,82.22,17.78,40.34
EW100137,2023-05-01,2023,5,May,Mumbai,Maharashtra,Laptop,Scrap Dealer,Informal,2465,90.71,2374.29,658.29,1806.71,156.35,5,84710.31,26.71,24.97,31.97,Copper,Dismantling,Q2,3.68,96.32,128.68
EW100167,2023-05-01,2023,5,May,Nagpur,Maharashtra,Television,Scrap Dealer,Informal,3149,661.89,2487.11,1023.31,2125.69,337.69,13,116059.26,32.5,33.41,34.15,Plastic,Dismantling,Q2,21.02,78.98,113.42
EW100481,2023-05-01,2023,5,May,Nashik,Maharashtra,Mobile Phone,Retailer,Formal,4546,3942.72,603.28,3859.01,686.99,260.2,7,291371.85,84.89,83.87,78.83,Aluminium,Landfill/Disposal,Q2,86.73,13.27,75.5
EW100644,2023-05-01,2023,5,May,Nashik,Maharashtra,Mobile Phone,Authorized Collection Center,Formal,1729,1541.75,187.25,1504.07,224.93,122.4,3,131136.17,86.99,91.03,75.97,Plastic,Repair & Reuse,Q2,89.17,10.83,87.19
EW100228,2023-05-01,2023,5,May,Jaipur,Rajasthan,Desktop/PC,Producer Take-back,Formal,2829,2638.57,190.43,2109.67,719.33,153.98,2,176917.06,74.57,98.99,84.74,Mixed/Other,Landfill/Disposal,Q2,93.27,6.73,83.86
EW100498,2023-05-01,2023,5,May,Jaipur,Rajasthan,Television,Authorized Collection Center,Formal,178,169.44,8.56,154.96,23.04,13.48,1,11402.65,87.05,95.0,85.24,Mixed/Other,Refurbishment,Q2,95.19,4.81,73.58
EW100216,2023-05-01,2023,5,May,Chennai,Tamil Nadu,Television,Authorized Collection Center,Formal,3073,2453.79,619.21,2697.73,375.27,190.17,7,470849.01,87.79,89.9,97.29,Aluminium,Dismantling,Q2,79.85,20.15,174.54
EW101194,2023-05-01,2023,5,May,Chennai,Tamil Nadu,Mobile Phone,Informal Collector,Informal,319,83.62,235.38,188.26,130.74,11.51,1,25662.23,59.01,11.49,20.56,Ferrous Metals,Repair & Reuse,Q2,26.21,73.79,136.31
EW101149,2023-05-01,2023,5,May,Hyderabad,Telangana,Television,Authorized Collection Center,Formal,4021,3268.63,752.37,3665.84,355.16,335.48,8,355503.8,91.17,77.72,85.41,Copper,Landfill/Disposal,Q2,81.29,18.71,96.98
EW100967,2023-05-01,2023,5,May,Lucknow,Uttar Pradesh,Laptop,Scrap Dealer,Informal,4752,470.46,4281.54,2215.44,2536.56,223.73,10,262754.88,46.62,32.42,25.42,Glass,Repair & Reuse,Q2,9.9,90.1,118.6
EW100412,2023-05-01,2023,5,May,Kolkata,West Bengal,Laptop,Producer Take-back,Formal,2818,2411.09,406.91,2007.57,810.43,328.37,5,293206.96,71.24,76.9,76.13,Non-ferrous Metals,Refurbishment,Q2,85.56,14.44,146.05
EW100511,2023-06-01,2023,6,Jun,Guwahati,Assam,Printer,Scrap Dealer,Informal,2996,516.12,2479.88,759.18,2236.82,295.08,11,66892.61,25.34,7.12,53.97,Copper,Dismantling,Q2,17.23,82.77,88.11
EW100716,2023-06-01,2023,6,Jun,Guwahati,Assam,Small Appliance,Producer Take-back,Formal,3424,3319.92,104.08,3058.73,365.27,365.87,3,227231.84,89.33,81.86,81.5,Copper,Repair & Reuse,Q2,96.96,3.04,74.29
EW100051,2023-06-01,2023,6,Jun,Delhi,Delhi,Small Appliance,Authorized Collection Center,Formal,2404,1826.42,577.58,1788.45,615.55,106.89,2,136528.39,74.39,79.16,96.52,Precious Metals,Material Recovery,Q2,75.97,24.03,76.34
EW100095,2023-06-01,2023,6,Jun,Delhi,Delhi,Small Appliance,Retailer,Formal,4043,3672.46,370.54,3533.25,509.75,194.19,9,489934.38,87.39,88.51,86.32,Plastic,Repair & Reuse,Q2,90.84,9.16,138.66
EW100227,2023-06-01,2023,6,Jun,Delhi,Delhi,Printer,Authorized Collection Center,Formal,3236,2585.65,650.35,2394.34,841.66,97.51,6,419471.23,73.99,80.38,90.91,Precious Metals,Refurbishment,Q2,79.9,20.1,175.19
EW100970,2023-06-01,2023,6,Jun,Delhi,Delhi,Tablet,Informal Collector,Informal,4956,398.03,4557.97,1479.15,3476.85,151.4,16,265883.0,29.85,32.8,33.88,Non-ferrous Metals,Repair & Reuse,Q2,8.03,91.97,179.75
EW100009,2023-06-01,2023,6,Jun,Surat,Gujarat,Mobile Phone,Municipal Collection,Formal,1743,1620.88,122.12,1591.33,151.67,102.18,1,108291.0,91.3,85.25,94.63,Ferrous Metals,Material Recovery,Q2,92.99,7.01,68.05
EW100257,2023-06-01,2023,6,Jun,Surat,Gujarat,Mobile Phone,Scrap Dealer,Informal,3486,130.05,3355.95,1775.51,1710.49,127.83,9,269084.76,50.93,22.34,64.87,Plastic,Dismantling,Q2,3.73,96.27,151.55
EW100341,2023-06-01,2023,6,Jun,Surat,Gujarat,Desktop/PC,Informal Collector,Informal,3298,823.6,2474.4,1181.5,2116.5,156.57,10,42609.04,35.82,6.03,44.9,Mixed/Other,Manual Sorting,Q2,24.97,75.03,36.06
EW100688,2023-06-01,2023,6,Jun,Surat,Gujarat,Mobile Phone,Informal Collector,Informal,2215,206.7,2008.3,747.6,1467.4,170.5,4,98428.46,33.75,29.21,23.92,Aluminium,Landfill/Disposal,Q2,9.33,90.67,131.66
EW100058,2023-06-01,2023,6,Jun,Bengaluru,Karnataka,Desktop/PC,Scrap Dealer,Informal,2115,450.03,1664.97,1013.64,1101.36,253.36,8,139387.23,47.93,36.14,26.44,Glass,Landfill/Disposal,Q2,21.28,78.72,137.51
EW100354,2023-06-01,2023,6,Jun,Bengaluru,Karnataka,Refrigerator,Authorized Collection Center,Formal,2678,2431.62,246.38,2359.04,318.96,252.65,4,87563.39,88.09,83.65,89.52,Glass,Refurbishment,Q2,90.8,9.2,37.12
EW100091,2023-06-01,2023,6,Jun,Mysuru,Karnataka,Television,Municipal Collection,Formal,3982,3273.04,708.96,2893.6,1088.4,389.57,8,174177.92,72.67,93.5,97.74,Mixed/Other,Refurbishment,Q2,82.2,17.8,60.19
EW100460,2023-06-01,2023,6,Jun,Mysuru,Karnataka,Small Appliance,Informal Collector,Informal,1023,120.42,902.58,296.32,726.68,88.05,3,43798.5,28.97,13.82,27.41,Non-ferrous Metals,Refurbishment,Q2,11.77,88.23,147.81
EW100657,2023-06-01,2023,6,Jun,Mysuru,Karnataka,Desktop/PC,Authorized Collection Center,Formal,3701,3168.26,532.74,2847.77,853.23,443.16,7,414022.89,76.95,97.93,96.31,Mixed/Other,Material Recovery,Q2,85.61,14.39,145.38
EW100524,2023-06-01,2023,6,Jun,Bhopal,Madhya Pradesh,Television,Authorized Collection Center,Formal,863,794.64,68.36,603.79,259.21,90.17,1,73317.39,69.96,77.15,83.1,Copper,Manual Sorting,Q2,92.08,7.92,121.43
EW100846,2023-06-01,2023,6,Jun,Indore,Madhya Pradesh,Television,Scrap Dealer,Informal,2761,430.44,2330.56,1297.71,1463.29,106.97,5,172809.85,47.0,32.0,64.06,Precious Metals,Dismantling,Q2,15.59,84.41,133.17
EW100639,2023-06-01,2023,6,Jun,Mumbai,Maharashtra,Laptop,Scrap Dealer,Informal,420,14.56,405.44,250.87,169.13,23.74,1,16922.35,59.73,18.62,64.59,Mixed/Other,Refurbishment,Q2,3.47,96.53,67.45
EW100662,2023-06-01,2023,6,Jun,Mumbai,Maharashtra,Mobile Phone,Authorized Collection Center,Formal,3756,3365.55,390.45,3064.4,691.6,377.01,3,281408.71,81.59,86.76,77.65,Mixed/Other,Repair & Reuse,Q2,89.6,10.4,91.83
EW100826,2023-06-01,2023,6,Jun,Mumbai,Maharashtra,Desktop/PC,Municipal Collection,Formal,3203,2747.35,455.65,2445.98,757.02,117.72,7,370291.42,76.37,78.35,93.64,Plastic,Manual Sorting,Q2,85.77,14.23,151.39
EW101136,2023-06-01,2023,6,Jun,Mumbai,Maharashtra,Mobile Phone,Municipal Collection,Formal,2579,2325.84,253.16,1982.78,596.22,177.91,2,117725.72,76.88,78.94,78.13,Non-ferrous Metals,Manual Sorting,Q2,90.18,9.82,59.37
EW100019,2023-06-01,2023,6,Jun,Nagpur,Maharashtra,Printer,Municipal Collection,Formal,3500,2909.65,590.35,3259.66,240.34,408.54,7,253259.26,93.13,84.24,95.43,Mixed/Other,Material Recovery,Q2,83.13,16.87,77.69
EW100153,2023-06-01,2023,6,Jun,Nashik,Maharashtra,Television,Authorized Collection Center,Formal,478,395.1,82.9,429.41,48.59,30.85,1,51626.56,89.83,79.43,83.69,Non-ferrous Metals,Material Recovery,Q2,82.66,17.34,120.23
EW100759,2023-06-01,2023,6,Jun,Nashik,Maharashtra,Mobile Phone,Informal Collector,Informal,3677,200.35,3476.65,1682.06,1994.94,368.13,8,98607.47,45.75,18.47,44.96,Non-ferrous Metals,Landfill/Disposal,Q2,5.45,94.55,58.62
EW100890,2023-06-01,2023,6,Jun,Nashik,Maharashtra,Tablet,Informal Collector,Informal,333,83.71,249.29,195.85,137.15,18.89,1,9680.06,58.81,37.91,50.4,Copper,Material Recovery,Q2,25.14,74.86,49.43
EW101134,2023-06-01,2023,6,Jun,Pune,Maharashtra,Desktop/PC,Informal Collector,Informal,1149,248.39,900.61,367.17,781.83,92.91,5,64406.23,31.96,31.25,64.26,Non-ferrous Metals,Dismantling,Q2,21.62,78.38,175.41
EW100389,2023-06-01,2023,6,Jun,Jaipur,Rajasthan,Tablet,Authorized Collection Center,Formal,603,566.19,36.81,506.32,96.68,35.77,1,58504.25,83.97,89.01,79.97,Copper,Material Recovery,Q2,93.9,6.1,115.55
EW100736,2023-06-01,2023,6,Jun,Jaipur,Rajasthan,Mobile Phone,Authorized Collection Center,Formal,974,796.31,177.69,911.56,62.44,31.88,2,114333.0,93.59,88.41,76.43,Copper,Dismantling,Q2,81.76,18.24,125.43
EW100125,2023-06-01,2023,6,Jun,Chennai,Tamil Nadu,Refrigerator,Retailer,Formal,3793,3391.31,401.69,2648.21,1144.79,332.32,4,320320.91,69.82,91.32,80.54,Non-ferrous Metals,Material Recovery,Q2,89.41,10.59,120.96
EW101111,2023-06-01,2023,6,Jun,Chennai,Tamil Nadu,Monitor,Authorized Collection Center,Formal,1165,967.64,197.36,1093.75,71.25,45.15,2,114403.76,93.88,94.85,94.61,Mixed/Other,Repair & Reuse,Q2,83.06,16.94,104.6
EW100010,2023-06-01,2023,6,Jun,Hyderabad,Telangana,Television,Retailer,Formal,4859,3806.89,1052.11,3516.73,1342.27,241.44,8,329011.94,72.38,76.56,81.09,Glass,Landfill/Disposal,Q2,78.35,21.65,93.56
EW100561,2023-06-01,2023,6,Jun,Hyderabad,Telangana,Refrigerator,Retailer,Formal,1797,1647.78,149.22,1600.3,196.7,197.3,2,108118.13,89.05,86.17,81.36,Plastic,Dismantling,Q2,91.7,8.3,67.56
EW100607,2023-06-01,2023,6,Jun,Hyderabad,Telangana,Laptop,Informal Collector,Informal,510,135.47,374.53,227.3,282.7,30.99,2,8759.39,44.57,28.26,44.7,Glass,Refurbishment,Q2,26.56,73.44,38.54
EW100787,2023-06-01,2023,6,Jun,Lucknow,Uttar Pradesh,Desktop/PC,Authorized Collection Center,Formal,4915,4347.75,567.25,4081.2,833.8,262.12,11,155371.06,83.04,83.35,92.26,Precious Metals,Landfill/Disposal,Q2,88.46,11.54,38.07
EW100999,2023-06-01,2023,6,Jun,Kolkata,West Bengal,Mobile Phone,Informal Collector,Informal,189,33.82,155.18,117.8,71.2,9.0,1,4524.61,62.33,20.02,24.98,Precious Metals,Repair & Reuse,Q2,17.89,82.11,38.41
EW101112,2023-06-01,2023,6,Jun,Kolkata,West Bengal,Mobile Phone,Authorized Collection Center,Formal,319,268.95,50.05,285.7,33.3,30.52,1,49308.52,89.56,76.46,96.56,Mixed/Other,Dismantling,Q2,84.31,15.69,172.59
EW100350,2023-07-01,2023,7,Jul,Guwahati,Assam,Mobile Phone,Informal Collector,Informal,1450,291.0,1159.0,691.59,758.41,147.41,5,85387.21,47.7,24.53,25.99,Copper,Landfill/Disposal,Q3,20.07,79.93,123.47
EW100390,2023-07-01,2023,7,Jul,Delhi,Delhi,Mobile Phone,Retailer,Formal,4553,4154.0,399.0,4030.07,522.93,185.4,4,308456.25,88.51,87.43,92.95,Ferrous Metals,Material Recovery,Q3,91.24,8.76,76.54
EW100496,2023-07-01,2023,7,Jul,Mysuru,Karnataka,Small Appliance,Municipal Collection,Formal,2359,2284.23,74.77,2168.17,190.83,136.84,2,342635.55,91.91,96.74,88.0,Precious Metals,Manual Sorting,Q3,96.83,3.17,158.03
EW100904,2023-07-01,2023,7,Jul,Mysuru,Karnataka,Printer,Informal Collector,Informal,3203,343.13,2859.87,1906.5,1296.5,247.59,10,332517.15,59.52,17.84,41.58,Copper,Repair & Reuse,Q3,10.71,89.29,174.41
EW100630,2023-07-01,2023,7,Jul,Kochi,Kerala,Monitor,Authorized Collection Center,Formal,4006,3338.01,667.99,3156.17,849.83,384.36,7,491807.76,78.79,81.0,89.63,Precious Metals,Dismantling,Q3,83.33,16.67,155.82
EW100982,2023-07-01,2023,7,Jul,Bhopal,Madhya Pradesh,Television,Scrap Dealer,Informal,4551,750.88,3800.12,1642.68,2908.32,331.45,14,150013.19,36.1,37.83,40.3,Ferrous Metals,Refurbishment,Q3,16.5,83.5,91.32
EW100316,2023-07-01,2023,7,Jul,Indore,Madhya Pradesh,Monitor,Authorized Collection Center,Formal,4122,4030.95,91.05,3118.12,1003.88,201.68,8,223534.2,75.65,95.77,77.47,Non-ferrous Metals,Material Recovery,Q3,97.79,2.21,71.69
EW101010,2023-07-01,2023,7,Jul,Indore,Madhya Pradesh,Small Appliance,Municipal Collection,Formal,3459,2970.5,488.5,2759.01,699.99,407.78,3,168826.57,79.76,90.54,78.27,Precious Metals,Landfill/Disposal,Q3,85.88,14.12,61.19
EW101029,2023-07-01,2023,7,Jul,Indore,Madhya Pradesh,Small Appliance,Informal Collector,Informal,1773,335.14,1437.86,1084.62,688.38,66.83,4,170763.73,61.17,30.26,23.54,Non-ferrous Metals,Dismantling,Q3,18.9,81.1,157.44
EW100445,2023-07-01,2023,7,Jul,Nashik,Maharashtra,Television,Informal Collector,Informal,1903,372.94,1530.06,705.32,1197.68,89.34,4,34199.12,37.06,10.75,24.71,Non-ferrous Metals,Material Recovery,Q3,19.6,80.4,48.49
EW100196,2023-07-01,2023,7,Jul,Jaipur,Rajasthan,Television,Municipal Collection,Formal,1943,1830.36,112.64,1543.09,399.91,206.4,4,67982.9,79.42,96.2,85.76,Copper,Landfill/Disposal,Q3,94.2,5.8,44.06
EW100865,2023-07-01,2023,7,Jul,Chennai,Tamil Nadu,Printer,Retailer,Formal,4830,4068.51,761.49,3679.37,1150.63,449.27,10,518957.05,76.18,98.74,81.54,Glass,Landfill/Disposal,Q3,84.23,15.77,141.05
EW100891,2023-07-01,2023,7,Jul,Chennai,Tamil Nadu,Desktop/PC,Scrap Dealer,Informal,3492,311.8,3180.2,1938.11,1553.89,185.47,10,263087.46,55.5,8.18,46.75,Copper,Repair & Reuse,Q3,8.93,91.07,135.74
EW100265,2023-07-01,2023,7,Jul,Hyderabad,Telangana,Air Conditioner,Authorized Collection Center,Formal,2458,2289.15,168.85,2123.17,334.83,287.72,5,352336.39,86.38,97.41,94.23,Copper,Dismantling,Q3,93.13,6.87,165.95
EW100371,2023-07-01,2023,7,Jul,Hyderabad,Telangana,Laptop,Scrap Dealer,Informal,3968,964.06,3003.94,1146.54,2821.46,371.3,10,41289.72,28.89,21.14,30.56,Plastic,Landfill/Disposal,Q3,24.3,75.7,36.01
EW100858,2023-07-01,2023,7,Jul,Hyderabad,Telangana,Small Appliance,Informal Collector,Informal,1910,318.32,1591.68,884.74,1025.26,81.0,6,71348.52,46.32,7.09,62.69,Plastic,Material Recovery,Q3,16.67,83.33,80.64
EW101039,2023-07-01,2023,7,Jul,Hyderabad,Telangana,Mobile Phone,Authorized Collection Center,Formal,556,507.85,48.15,501.88,54.12,32.19,1,43513.1,90.27,94.99,76.06,Ferrous Metals,Refurbishment,Q3,91.34,8.66,86.7
EW100256,2023-07-01,2023,7,Jul,Lucknow,Uttar Pradesh,Television,Scrap Dealer,Informal,4088,1019.82,3068.18,1784.51,2303.49,150.49,11,270376.35,43.65,41.07,29.16,Mixed/Other,Landfill/Disposal,Q3,24.95,75.05,151.51
EW100770,2023-07-01,2023,7,Jul,Lucknow,Uttar Pradesh,Tablet,Retailer,Formal,3281,2840.49,440.51,2514.36,766.64,144.18,7,278168.38,76.63,97.4,94.34,Aluminium,Refurbishment,Q3,86.57,13.43,110.63
EW100069,2023-07-01,2023,7,Jul,Kolkata,West Bengal,Mobile Phone,Authorized Collection Center,Formal,4322,3249.81,1072.19,3923.84,398.16,379.75,8,655439.74,90.79,89.99,83.06,Precious Metals,Dismantling,Q3,75.19,24.81,167.04
EW100295,2023-08-01,2023,8,Aug,Ahmedabad,Gujarat,Monitor,Authorized Collection Center,Formal,3388,2506.01,881.99,2622.31,765.69,129.74,6,177818.92,77.4,96.5,93.8,Mixed/Other,Repair & Reuse,Q3,73.97,26.03,67.81
EW100797,2023-08-01,2023,8,Aug,Ahmedabad,Gujarat,Air Conditioner,Scrap Dealer,Informal,4428,813.12,3614.88,2835.66,1592.34,264.84,8,333774.81,64.04,41.25,55.28,Aluminium,Manual Sorting,Q3,18.36,81.64,117.71
EW100964,2023-08-01,2023,8,Aug,Ahmedabad,Gujarat,Desktop/PC,Informal Collector,Informal,1230,49.49,1180.51,552.21,677.79,53.3,5,53004.37,44.9,35.6,62.95,Copper,Manual Sorting,Q3,4.02,95.98,95.99
EW101040,2023-08-01,2023,8,Aug,Surat,Gujarat,Refrigerator,Retailer,Formal,3170,2525.77,644.23,2318.54,851.46,198.97,6,231446.02,73.14,97.42,95.5,Ferrous Metals,Refurbishment,Q3,79.68,20.32,99.82
EW100763,2023-08-01,2023,8,Aug,Bengaluru,Karnataka,Monitor,Producer Take-back,Formal,2711,2491.86,219.14,2082.29,628.71,124.18,4,312564.26,76.81,86.16,87.9,Precious Metals,Repair & Reuse,Q3,91.92,8.08,150.11
EW100343,2023-08-01,2023,8,Aug,Kochi,Kerala,Mobile Phone,Authorized Collection Center,Formal,3616,3352.34,263.66,3170.35,445.65,329.96,3,138133.4,87.68,91.58,92.49,Ferrous Metals,Dismantling,Q3,92.71,7.29,43.57
EW100954,2023-08-01,2023,8,Aug,Kochi,Kerala,Laptop,Scrap Dealer,Informal,1656,297.89,1358.11,1061.29,594.71,66.27,3,109948.19,64.09,43.74,54.73,Aluminium,Manual Sorting,Q3,17.99,82.01,103.6
EW101001,2023-08-01,2023,8,Aug,Kochi,Kerala,Small Appliance,Authorized Collection Center,Formal,238,176.55,61.45,193.81,44.19,11.96,1,31425.01,81.43,87.66,83.02,Precious Metals,Landfill/Disposal,Q3,74.18,25.82,162.14
EW100221,2023-08-01,2023,8,Aug,Bhopal,Madhya Pradesh,Mobile Phone,Retailer,Formal,3016,2487.35,528.65,2752.42,263.58,90.6,7,157719.4,91.26,98.76,97.92,Ferrous Metals,Refurbishment,Q3,82.47,17.53,57.3
EW100740,2023-08-01,2023,8,Aug,Bhopal,Madhya Pradesh,Tablet,Authorized Collection Center,Formal,1823,1618.52,204.48,1427.5,395.5,67.46,2,192529.43,78.31,91.1,78.84,Ferrous Metals,Manual Sorting,Q3,88.78,11.22,134.87
EW100003,2023-08-01,2023,8,Aug,Indore,Madhya Pradesh,Mobile Phone,Retailer,Formal,1665,1485.61,179.39,1267.14,397.86,127.88,2,78314.17,76.1,98.27,93.6,Non-ferrous Metals,Dismantling,Q3,89.23,10.77,61.8
EW100264,2023-08-01,2023,8,Aug,Mumbai,Maharashtra,Television,Producer Take-back,Formal,4580,4355.58,224.42,4096.01,483.99,397.1,10,608859.36,89.43,85.3,79.83,Mixed/Other,Manual Sorting,Q3,95.1,4.9,148.65
EW100873,2023-08-01,2023,8,Aug,Mumbai,Maharashtra,Mobile Phone,Informal Collector,Informal,2884,302.95,2581.05,1284.03,1599.97,330.8,6,117482.97,44.52,29.26,53.99,Aluminium,Manual Sorting,Q3,10.5,89.5,91.5
EW101131,2023-08-01,2023,8,Aug,Mumbai,Maharashtra,Tablet,Producer Take-back,Formal,4706,4599.75,106.25,3594.67,1111.33,498.21,5,158597.94,76.38,84.08,95.61,Glass,Refurbishment,Q3,97.74,2.26,44.12
EW100421,2023-08-01,2023,8,Aug,Nagpur,Maharashtra,Refrigerator,Informal Collector,Informal,2285,577.75,1707.25,1454.74,830.26,159.74,5,161889.05,63.66,32.51,32.31,Glass,Manual Sorting,Q3,25.28,74.72,111.28
EW100785,2023-08-01,2023,8,Aug,Nagpur,Maharashtra,Mobile Phone,Informal Collector,Informal,1736,400.28,1335.72,753.57,982.43,193.28,5,83732.98,43.41,24.09,40.14,Mixed/Other,Landfill/Disposal,Q3,23.06,76.94,111.12
EW101049,2023-08-01,2023,8,Aug,Nagpur,Maharashtra,Mobile Phone,Producer Take-back,Formal,3485,2800.87,684.13,2684.19,800.81,169.91,5,114182.75,77.02,82.21,87.65,Plastic,Manual Sorting,Q3,80.37,19.63,42.54
EW100485,2023-08-01,2023,8,Aug,Nashik,Maharashtra,Desktop/PC,Scrap Dealer,Informal,1457,87.26,1369.74,577.88,879.12,92.67,2,87129.7,39.66,33.29,28.57,Aluminium,Repair & Reuse,Q3,5.99,94.01,150.77
EW100018,2023-08-01,2023,8,Aug,Pune,Maharashtra,Desktop/PC,Informal Collector,Informal,1039,254.23,784.77,355.41,683.59,77.85,3,52047.09,34.21,6.74,64.75,Aluminium,Manual Sorting,Q3,24.47,75.53,146.44
EW100456,2023-08-01,2023,8,Aug,Pune,Maharashtra,Mobile Phone,Municipal Collection,Formal,4456,3978.0,478.0,3427.9,1028.1,141.34,8,589931.11,76.93,90.17,85.45,Plastic,Dismantling,Q3,89.27,10.73,172.1
EW100900,2023-08-01,2023,8,Aug,Jaipur,Rajasthan,Mobile Phone,Retailer,Formal,837,679.43,157.57,709.6,127.4,66.3,1,59723.76,84.78,85.85,77.45,Non-ferrous Metals,Repair & Reuse,Q3,81.17,18.83,84.17
EW100288,2023-08-01,2023,8,Aug,Chennai,Tamil Nadu,Laptop,Retailer,Formal,896,722.51,173.49,677.72,218.28,30.23,1,82415.53,75.64,90.68,79.62,Glass,Dismantling,Q3,80.64,19.36,121.61
EW100215,2023-08-01,2023,8,Aug,Hyderabad,Telangana,Small Appliance,Authorized Collection Center,Formal,2074,1633.43,440.57,1596.46,477.54,233.48,2,164672.28,76.97,96.36,91.99,Non-ferrous Metals,Dismantling,Q3,78.76,21.24,103.15
EW100391,2023-08-01,2023,8,Aug,Kolkata,West Bengal,Air Conditioner,Retailer,Formal,3677,2900.86,776.14,3165.93,511.07,174.14,3,355130.14,86.1,94.72,77.43,Plastic,Landfill/Disposal,Q3,78.89,21.11,112.17
EW100588,2023-08-01,2023,8,Aug,Kolkata,West Bengal,Tablet,Producer Take-back,Formal,1072,788.9,283.1,893.66,178.34,127.6,1,37327.56,83.36,93.71,81.06,Aluminium,Repair & Reuse,Q3,73.59,26.41,41.77
EW100246,2023-09-01,2023,9,Sep,Guwahati,Assam,Monitor,Retailer,Formal,524,496.32,27.68,443.23,80.77,55.03,1,49898.81,84.59,78.47,93.82,Non-ferrous Metals,Dismantling,Q3,94.72,5.28,112.58
EW100704,2023-09-01,2023,9,Sep,Delhi,Delhi,Refrigerator,Producer Take-back,Formal,4893,4105.98,787.02,4166.17,726.83,549.49,4,611260.2,85.15,89.8,89.37,Plastic,Dismantling,Q3,83.92,16.08,146.72
EW100021,2023-09-01,2023,9,Sep,Ahmedabad,Gujarat,Printer,Informal Collector,Informal,2886,372.71,2513.29,1017.27,1868.73,245.41,5,36369.07,35.25,30.12,28.74,Mixed/Other,Landfill/Disposal,Q3,12.91,87.09,35.75
EW100055,2023-09-01,2023,9,Sep,Ahmedabad,Gujarat,Television,Informal Collector,Informal,3570,395.22,3174.78,2219.87,1350.13,373.98,17,117704.26,62.18,34.23,62.23,Glass,Material Recovery,Q3,11.07,88.93,53.02
EW100356,2023-09-01,2023,9,Sep,Ahmedabad,Gujarat,Laptop,Authorized Collection Center,Formal,1267,1076.97,190.03,1083.88,183.12,65.27,2,157380.73,85.55,82.5,84.86,Precious Metals,Manual Sorting,Q3,85.0,15.0,145.2
EW100669,2023-09-01,2023,9,Sep,Ahmedabad,Gujarat,Laptop,Authorized Collection Center,Formal,2772,2318.84,453.16,2082.73,689.27,181.25,4,159528.51,75.13,81.45,95.67,Copper,Landfill/Disposal,Q3,83.65,16.35,76.6
EW100854,2023-09-01,2023,9,Sep,Ahmedabad,Gujarat,Small Appliance,Municipal Collection,Formal,2138,1571.68,566.32,1970.32,167.68,106.96,5,117964.45,92.16,93.52,80.36,Glass,Refurbishment,Q3,73.51,26.49,59.87
EW100857,2023-09-01,2023,9,Sep,Surat,Gujarat,Desktop/PC,Producer Take-back,Formal,1399,1336.86,62.14,998.87,400.13,113.91,1,151028.19,71.4,76.69,91.53,Precious Metals,Repair & Reuse,Q3,95.56,4.44,151.2
EW101006,2023-09-01,2023,9,Sep,Surat,Gujarat,Laptop,Municipal Collection,Formal,1736,1512.61,223.39,1482.65,253.35,102.99,3,114754.92,85.41,84.65,93.35,Non-ferrous Metals,Material Recovery,Q3,87.13,12.87,77.4
EW100013,2023-09-01,2023,9,Sep,Bengaluru,Karnataka,Printer,Scrap Dealer,Informal,2891,567.12,2323.88,741.93,2149.07,219.97,6,95375.42,25.66,11.97,51.09,Mixed/Other,Dismantling,Q3,19.62,80.38,128.55
EW100186,2023-09-01,2023,9,Sep,Bengaluru,Karnataka,Monitor,Retailer,Formal,1969,1614.39,354.61,1569.36,399.64,161.72,4,77426.81,79.7,96.35,75.3,Plastic,Refurbishment,Q3,81.99,18.01,49.34
EW100598,2023-09-01,2023,9,Sep,Bengaluru,Karnataka,Laptop,Informal Collector,Informal,2961,702.66,2258.34,1231.97,1729.03,292.66,6,100686.12,41.61,43.97,64.38,Glass,Dismantling,Q3,23.73,76.27,81.73
EW100944,2023-09-01,2023,9,Sep,Bengaluru,Karnataka,Laptop,Authorized Collection Center,Formal,1650,1452.47,197.53,1202.01,447.99,75.82,3,171522.45,72.85,90.83,84.76,Glass,Dismantling,Q3,88.03,11.97,142.7
EW100745,2023-09-01,2023,9,Sep,Mysuru,Karnataka,Mobile Phone,Authorized Collection Center,Formal,1267,1026.2,240.8,976.19,290.81,91.5,1,49363.24,77.05,78.5,75.8,Non-ferrous Metals,Repair & Reuse,Q3,80.99,19.01,50.57
EW101016,2023-09-01,2023,9,Sep,Mysuru,Karnataka,Printer,Informal Collector,Informal,3971,829.35,3141.65,1717.17,2253.83,314.71,13,303078.28,43.24,19.68,29.35,Glass,Refurbishment,Q3,20.89,79.11,176.5
EW101054,2023-09-01,2023,9,Sep,Mysuru,Karnataka,Tablet,Scrap Dealer,Informal,3554,126.19,3427.81,1340.19,2213.81,423.65,10,72393.69,37.71,43.77,64.29,Aluminium,Manual Sorting,Q3,3.55,96.45,54.02
EW100494,2023-09-01,2023,9,Sep,Kochi,Kerala,Laptop,Informal Collector,Informal,1000,81.75,918.25,641.57,358.43,64.77,2,61666.94,64.16,8.78,25.66,Ferrous Metals,Landfill/Disposal,Q3,8.18,91.82,96.12
EW100929,2023-09-01,2023,9,Sep,Kochi,Kerala,Laptop,Retailer,Formal,3642,3277.34,364.66,2591.72,1050.28,130.58,8,346694.79,71.16,85.02,91.84,Plastic,Material Recovery,Q3,89.99,10.01,133.77
EW100253,2023-09-01,2023,9,Sep,Indore,Madhya Pradesh,Monitor,Municipal Collection,Formal,2322,2092.29,229.71,2002.86,319.14,105.54,3,189738.75,86.26,95.89,90.15,Mixed/Other,Manual Sorting,Q3,90.11,9.89,94.73
EW100286,2023-09-01,2023,9,Sep,Indore,Madhya Pradesh,Mobile Phone,Authorized Collection Center,Formal,3871,3026.13,844.87,2682.21,1188.79,368.57,3,330465.85,69.29,81.75,79.16,Ferrous Metals,Material Recovery,Q3,78.17,21.83,123.21
EW100388,2023-09-01,2023,9,Sep,Indore,Madhya Pradesh,Desktop/PC,Retailer,Formal,1379,1253.94,125.06,1152.93,226.07,132.13,2,203417.36,83.61,88.77,83.2,Copper,Landfill/Disposal,Q3,90.93,9.07,176.44
EW100825,2023-09-01,2023,9,Sep,Indore,Madhya Pradesh,Desktop/PC,Producer Take-back,Formal,2671,2360.63,310.37,2403.39,267.61,151.48,3,399835.21,89.98,96.62,98.44,Aluminium,Repair & Reuse,Q3,88.38,11.62,166.36
EW101069,2023-09-01,2023,9,Sep,Indore,Madhya Pradesh,Monitor,Retailer,Formal,3389,3228.03,160.97,2578.59,810.41,196.68,4,208781.1,76.09,80.12,96.74,Plastic,Dismantling,Q3,95.25,4.75,80.97
EW100170,2023-09-01,2023,9,Sep,Mumbai,Maharashtra,Tablet,Producer Take-back,Formal,2318,1874.1,443.9,2098.39,219.61,114.5,3,94287.73,90.53,93.32,84.8,Glass,Landfill/Disposal,Q3,80.85,19.15,44.93
EW100199,2023-09-01,2023,9,Sep,Mumbai,Maharashtra,Tablet,Informal Collector,Informal,3255,402.86,2852.14,1755.29,1499.71,179.77,12,67670.45,53.93,17.25,44.71,Aluminium,Repair & Reuse,Q3,12.38,87.62,38.55
EW100938,2023-09-01,2023,9,Sep,Mumbai,Maharashtra,Air Conditioner,Authorized Collection Center,Formal,3258,3116.56,141.44,2991.02,266.98,194.21,6,397754.95,91.81,94.36,82.12,Aluminium,Material Recovery,Q3,95.66,4.34,132.98
EW100981,2023-09-01,2023,9,Sep,Nagpur,Maharashtra,Mobile Phone,Informal Collector,Informal,605,132.44,472.56,380.65,224.35,57.18,2,48574.75,62.92,20.51,39.16,Non-ferrous Metals,Dismantling,Q3,21.89,78.11,127.61
EW100086,2023-09-01,2023,9,Sep,Nashik,Maharashtra,Refrigerator,Authorized Collection Center,Formal,1720,1413.33,306.67,1291.67,428.33,125.39,1,204817.2,75.1,75.85,82.9,Ferrous Metals,Manual Sorting,Q3,82.17,17.83,158.57
EW100355,2023-09-01,2023,9,Sep,Nashik,Maharashtra,Laptop,Producer Take-back,Formal,3412,2957.5,454.5,2908.34,503.66,310.89,8,522215.58,85.24,92.28,81.89,Mixed/Other,Material Recovery,Q3,86.68,13.32,179.56
EW100418,2023-09-01,2023,9,Sep,Nashik,Maharashtra,Television,Informal Collector,Informal,2041,566.32,1474.68,1009.35,1031.65,129.37,8,60275.38,49.45,20.38,35.61,Glass,Refurbishment,Q3,27.75,72.25,59.72
EW100168,2023-09-01,2023,9,Sep,Pune,Maharashtra,Monitor,Municipal Collection,Formal,1901,1454.6,446.4,1644.6,256.4,198.35,1,114763.06,86.51,78.41,83.35,Precious Metals,Dismantling,Q3,76.52,23.48,69.78
EW100259,2023-09-01,2023,9,Sep,Pune,Maharashtra,Monitor,Informal Collector,Informal,2035,446.26,1588.74,983.89,1051.11,204.27,8,148996.11,48.35,25.72,26.31,Copper,Material Recovery,Q3,21.93,78.07,151.44
EW100425,2023-09-01,2023,9,Sep,Jaipur,Rajasthan,Desktop/PC,Retailer,Formal,3667,3471.23,195.77,2892.42,774.58,256.67,4,401779.92,78.88,83.61,81.43,Ferrous Metals,Manual Sorting,Q3,94.66,5.34,138.91
EW100943,2023-09-01,2023,9,Sep,Jaipur,Rajasthan,Monitor,Informal Collector,Informal,982,161.03,820.97,381.66,600.34,47.27,4,16338.88,38.87,7.79,39.82,Copper,Landfill/Disposal,Q3,16.4,83.6,42.81
EW100063,2023-09-01,2023,9,Sep,Chennai,Tamil Nadu,Laptop,Scrap Dealer,Informal,654,83.56,570.44,389.4,264.6,73.95,2,40778.12,59.54,41.74,46.42,Plastic,Repair & Reuse,Q3,12.78,87.22,104.72
EW100817,2023-09-01,2023,9,Sep,Hyderabad,Telangana,Small Appliance,Authorized Collection Center,Formal,1214,930.62,283.38,858.11,355.89,42.11,1,107569.88,70.68,95.17,91.38,Aluminium,Material Recovery,Q3,76.66,23.34,125.36
EW100686,2023-09-01,2023,9,Sep,Lucknow,Uttar Pradesh,Monitor,Producer Take-back,Formal,1325,1249.54,75.46,1007.4,317.6,118.32,2,104170.13,76.03,86.9,92.57,Copper,Material Recovery,Q3,94.3,5.7,103.4
EW101093,2023-09-01,2023,9,Sep,Lucknow,Uttar Pradesh,Refrigerator,Municipal Collection,Formal,4713,3576.26,1136.74,4208.96,504.04,258.43,6,279600.86,89.31,89.05,83.35,Precious Metals,Landfill/Disposal,Q3,75.88,24.12,66.43
EW100531,2023-09-01,2023,9,Sep,Kolkata,West Bengal,Monitor,Informal Collector,Informal,2836,130.28,2705.72,770.84,2065.16,255.2,12,83835.73,27.18,7.19,44.1,Non-ferrous Metals,Refurbishment,Q3,4.59,95.41,108.76
EW100122,2023-10-01,2023,10,Oct,Guwahati,Assam,Monitor,Authorized Collection Center,Formal,1542,1345.42,196.58,1115.92,426.08,148.52,3,74127.54,72.37,77.3,75.57,Precious Metals,Material Recovery,Q4,87.25,12.75,66.43
EW100242,2023-10-01,2023,10,Oct,Guwahati,Assam,Printer,Producer Take-back,Formal,1859,1700.2,158.8,1706.16,152.84,128.39,2,167183.83,91.78,92.36,75.22,Mixed/Other,Repair & Reuse,Q4,91.46,8.54,97.99
EW100614,2023-10-01,2023,10,Oct,Guwahati,Assam,Desktop/PC,Producer Take-back,Formal,214,187.45,26.55,188.72,25.28,20.85,1,23321.48,88.19,95.91,75.37,Mixed/Other,Repair & Reuse,Q4,87.59,12.41,123.58
EW100648,2023-10-01,2023,10,Oct,Guwahati,Assam,Monitor,Authorized Collection Center,Formal,116,106.78,9.22,104.26,11.74,9.93,1,4077.41,89.88,94.88,93.92,Ferrous Metals,Landfill/Disposal,Q4,92.05,7.95,39.11
EW100915,2023-10-01,2023,10,Oct,Guwahati,Assam,Small Appliance,Authorized Collection Center,Formal,1390,1203.85,186.15,1040.78,349.22,57.96,2,97902.5,74.88,91.77,96.7,Plastic,Repair & Reuse,Q4,86.61,13.39,94.07
EW101005,2023-10-01,2023,10,Oct,Guwahati,Assam,Mobile Phone,Municipal Collection,Formal,2859,2374.65,484.35,2260.41,598.59,310.11,4,188388.53,79.06,83.12,79.72,Aluminium,Dismantling,Q4,83.06,16.94,83.34
EW100778,2023-10-01,2023,10,Oct,Delhi,Delhi,Monitor,Municipal Collection,Formal,417,362.11,54.89,336.06,80.94,33.15,1,39316.54,80.59,92.17,77.63,Copper,Landfill/Disposal,Q4,86.84,13.16,116.99
EW100626,2023-10-01,2023,10,Oct,Surat,Gujarat,Tablet,Informal Collector,Informal,1746,187.66,1558.34,847.97,898.03,123.79,7,55938.05,48.57,5.43,54.95,Precious Metals,Landfill/Disposal,Q4,10.75,89.25,65.97
EW100562,2023-10-01,2023,10,Oct,Bengaluru,Karnataka,Mobile Phone,Municipal Collection,Formal,4973,4215.02,757.98,3948.76,1024.24,489.48,7,678456.29,79.4,96.66,95.93,Copper,Landfill/Disposal,Q4,84.76,15.24,171.82
EW100640,2023-10-01,2023,10,Oct,Bengaluru,Karnataka,Desktop/PC,Producer Take-back,Formal,1833,1499.81,333.19,1397.37,435.63,166.72,2,165858.84,76.23,76.58,79.59,Plastic,Refurbishment,Q4,81.82,18.18,118.69
EW100680,2023-10-01,2023,10,Oct,Bengaluru,Karnataka,Laptop,Producer Take-back,Formal,1052,960.95,91.05,853.0,199.0,37.98,2,129541.49,81.08,81.95,90.94,Copper,Material Recovery,Q4,91.35,8.65,151.87
EW101043,2023-10-01,2023,10,Oct,Bengaluru,Karnataka,Television,Producer Take-back,Formal,220,193.14,26.86,160.19,59.81,19.01,1,7089.24,72.81,82.93,80.55,Ferrous Metals,Repair & Reuse,Q4,87.79,12.21,44.26
EW100082,2023-10-01,2023,10,Oct,Mysuru,Karnataka,Television,Scrap Dealer,Informal,3840,187.1,3652.9,1504.7,2335.3,214.47,9,103633.36,39.18,6.68,20.8,Aluminium,Refurbishment,Q4,4.87,95.13,68.87
EW100924,2023-10-01,2023,10,Oct,Mysuru,Karnataka,Printer,Municipal Collection,Formal,4372,4032.66,339.34,3079.05,1292.95,199.1,3,372809.97,70.43,96.28,91.1,Mixed/Other,Material Recovery,Q4,92.24,7.76,121.08
EW100647,2023-10-01,2023,10,Oct,Kochi,Kerala,Desktop/PC,Authorized Collection Center,Formal,3798,3597.18,200.82,2907.89,890.11,314.86,8,287837.27,76.56,75.43,76.79,Precious Metals,Manual Sorting,Q4,94.71,5.29,98.98
EW100252,2023-10-01,2023,10,Oct,Indore,Madhya Pradesh,Mobile Phone,Authorized Collection Center,Formal,1816,1407.57,408.43,1381.72,434.28,81.76,2,101974.08,76.09,83.06,92.99,Mixed/Other,Material Recovery,Q4,77.51,22.49,73.8
EW100754,2023-10-01,2023,10,Oct,Indore,Madhya Pradesh,Television,Informal Collector,Informal,4921,1252.65,3668.35,3036.17,1884.83,559.81,12,282520.44,61.7,39.82,36.16,Mixed/Other,Landfill/Disposal,Q4,25.46,74.54,93.05
EW100599,2023-10-01,2023,10,Oct,Mumbai,Maharashtra,Small Appliance,Authorized Collection Center,Formal,1062,1021.3,40.7,769.78,292.22,87.26,1,109496.88,72.48,86.98,81.53,Plastic,Refurbishment,Q4,96.17,3.83,142.24
EW100050,2023-10-01,2023,10,Oct,Nagpur,Maharashtra,Air Conditioner,Retailer,Formal,4286,3907.01,378.99,3536.01,749.99,354.83,7,317964.81,82.5,83.1,96.59,Mixed/Other,Dismantling,Q4,91.16,8.84,89.92
EW100108,2023-10-01,2023,10,Oct,Nagpur,Maharashtra,Television,Producer Take-back,Formal,2971,2779.4,191.6,2353.12,617.88,155.63,5,323513.75,79.2,79.01,79.02,Ferrous Metals,Material Recovery,Q4,93.55,6.45,137.48
EW100308,2023-10-01,2023,10,Oct,Nagpur,Maharashtra,Laptop,Scrap Dealer,Informal,4860,482.1,4377.9,1729.22,3130.78,268.23,12,69531.67,35.58,42.08,29.62,Mixed/Other,Refurbishment,Q4,9.92,90.08,40.21
EW100677,2023-10-01,2023,10,Oct,Nagpur,Maharashtra,Printer,Authorized Collection Center,Formal,4710,3422.39,1287.61,3280.7,1429.3,235.02,7,374510.66,69.65,75.82,79.09,Precious Metals,Dismantling,Q4,72.66,27.34,114.16
EW100143,2023-10-01,2023,10,Oct,Nashik,Maharashtra,Laptop,Municipal Collection,Formal,2501,2116.76,384.24,2299.11,201.89,192.25,4,132687.7,91.93,76.05,77.66,Non-ferrous Metals,Refurbishment,Q4,84.64,15.36,57.71
EW100234,2023-10-01,2023,10,Oct,Nashik,Maharashtra,Air Conditioner,Producer Take-back,Formal,3173,2839.53,333.47,2814.89,358.11,166.72,5,331884.0,88.71,94.99,96.75,Non-ferrous Metals,Repair & Reuse,Q4,89.49,10.51,117.9
EW100134,2023-10-01,2023,10,Oct,Pune,Maharashtra,Television,Scrap Dealer,Informal,2030,407.44,1622.56,1306.25,723.75,104.6,4,68709.67,64.35,17.13,24.55,Mixed/Other,Repair & Reuse,Q4,20.07,79.93,52.6
EW100490,2023-10-01,2023,10,Oct,Pune,Maharashtra,Small Appliance,Scrap Dealer,Informal,1968,471.05,1496.95,645.46,1322.54,205.49,6,93925.37,32.8,33.54,29.34,Mixed/Other,Manual Sorting,Q4,23.94,76.06,145.52
EW100518,2023-10-01,2023,10,Oct,Pune,Maharashtra,Monitor,Scrap Dealer,Informal,2542,511.8,2030.2,727.52,1814.48,190.08,6,101878.54,28.62,12.58,60.15,Non-ferrous Metals,Dismantling,Q4,20.13,79.87,140.04
EW101192,2023-10-01,2023,10,Oct,Pune,Maharashtra,Tablet,Municipal Collection,Formal,4570,3931.61,638.39,3211.24,1358.76,440.97,6,336080.57,70.27,98.38,83.26,Copper,Landfill/Disposal,Q4,86.03,13.97,104.66
EW100720,2023-10-01,2023,10,Oct,Chennai,Tamil Nadu,Monitor,Authorized Collection Center,Formal,2415,2113.35,301.65,1841.97,573.03,170.57,2,275435.76,76.27,90.23,87.79,Glass,Refurbishment,Q4,87.51,12.49,149.53
EW101080,2023-10-01,2023,10,Oct,Chennai,Tamil Nadu,Tablet,Authorized Collection Center,Formal,3122,2661.42,460.58,2537.59,584.41,322.46,6,425025.29,81.28,94.99,81.09,Mixed/Other,Manual Sorting,Q4,85.25,14.75,167.49
EW100946,2023-10-01,2023,10,Oct,Hyderabad,Telangana,Monitor,Scrap Dealer,Informal,3274,812.56,2461.44,1211.03,2062.97,340.86,6,101070.42,36.99,25.72,30.19,Plastic,Manual Sorting,Q4,24.82,75.18,83.46
EW100067,2023-10-01,2023,10,Oct,Lucknow,Uttar Pradesh,Television,Scrap Dealer,Informal,134,8.12,125.88,71.88,62.12,11.97,1,4829.07,53.64,14.24,50.24,Copper,Landfill/Disposal,Q4,6.06,93.94,67.18
EW100522,2023-10-01,2023,10,Oct,Kolkata,West Bengal,Laptop,Informal Collector,Informal,4013,376.45,3636.55,1777.42,2235.58,380.28,11,219434.17,44.29,20.3,33.7,Mixed/Other,Repair & Reuse,Q4,9.38,90.62,123.46
EW100837,2023-10-01,2023,10,Oct,Kolkata,West Bengal,Printer,Retailer,Formal,1002,840.17,161.83,727.48,274.52,87.23,1,115373.67,72.6,93.16,89.65,Ferrous Metals,Refurbishment,Q4,83.85,16.15,158.59
EW100959,2023-10-01,2023,10,Oct,Kolkata,West Bengal,Laptop,Municipal Collection,Formal,352,298.85,53.15,278.8,73.2,40.79,1,22357.93,79.2,82.39,81.94,Aluminium,Repair & Reuse,Q4,84.9,15.1,80.19
EW100979,2023-11-01,2023,11,Nov,Delhi,Delhi,Air Conditioner,Municipal Collection,Formal,2989,2739.54,249.46,2329.78,659.22,200.28,5,346487.84,77.95,91.0,96.6,Aluminium,Manual Sorting,Q4,91.65,8.35,148.72
EW100393,2023-11-01,2023,11,Nov,Surat,Gujarat,Television,Informal Collector,Informal,1754,97.27,1656.73,949.27,804.73,180.98,4,139819.26,54.12,20.42,42.8,Mixed/Other,Landfill/Disposal,Q4,5.55,94.45,147.29
EW100402,2023-11-01,2023,11,Nov,Surat,Gujarat,Refrigerator,Authorized Collection Center,Formal,1324,1108.28,215.72,987.25,336.75,92.49,2,64043.79,74.57,97.85,83.2,Precious Metals,Repair & Reuse,Q4,83.71,16.29,64.87
EW100549,2023-11-01,2023,11,Nov,Surat,Gujarat,Small Appliance,Municipal Collection,Formal,4404,4159.01,244.99,3299.33,1104.67,366.3,7,124081.94,74.92,97.39,76.88,Plastic,Repair & Reuse,Q4,94.44,5.56,37.61
EW100627,2023-11-01,2023,11,Nov,Surat,Gujarat,Air Conditioner,Producer Take-back,Formal,552,511.45,40.55,389.56,162.44,30.04,1,33205.67,70.57,98.35,98.51,Mixed/Other,Dismantling,Q4,92.65,7.35,85.24
EW100702,2023-11-01,2023,11,Nov,Surat,Gujarat,Printer,Retailer,Formal,3759,3505.93,253.07,3130.5,628.5,198.09,4,264075.61,83.28,86.44,82.11,Glass,Manual Sorting,Q4,93.27,6.73,84.36
EW100926,2023-11-01,2023,11,Nov,Bengaluru,Karnataka,Laptop,Informal Collector,Informal,336,8.02,327.98,192.74,143.26,38.46,1,10384.67,57.36,8.25,20.94,Non-ferrous Metals,Manual Sorting,Q4,2.39,97.61,53.88
EW100124,2023-11-01,2023,11,Nov,Mysuru,Karnataka,Desktop/PC,Scrap Dealer,Informal,1321,142.24,1178.76,808.73,512.27,131.49,3,103975.92,61.22,28.83,38.05,Ferrous Metals,Material Recovery,Q4,10.77,89.23,128.57
EW100287,2023-11-01,2023,11,Nov,Mysuru,Karnataka,Mobile Phone,Scrap Dealer,Informal,2543,418.78,2124.22,1506.98,1036.02,267.41,12,132694.34,59.26,17.72,53.72,Plastic,Landfill/Disposal,Q4,16.47,83.53,88.05
EW100737,2023-11-01,2023,11,Nov,Kochi,Kerala,Laptop,Informal Collector,Informal,383,24.05,358.95,118.53,264.47,27.22,1,16423.2,30.95,7.78,63.75,Copper,Repair & Reuse,Q4,6.28,93.72,138.56
EW100935,2023-11-01,2023,11,Nov,Kochi,Kerala,Tablet,Retailer,Formal,3988,3592.28,395.72,3549.12,438.88,357.8,4,177376.49,89.0,88.75,84.64,Copper,Repair & Reuse,Q4,90.08,9.92,49.98
EW100169,2023-11-01,2023,11,Nov,Bhopal,Madhya Pradesh,Refrigerator,Scrap Dealer,Informal,1754,419.86,1334.14,616.69,1137.31,57.53,7,31093.35,35.16,17.6,20.17,Precious Metals,Landfill/Disposal,Q4,23.94,76.06,50.42
EW100535,2023-11-01,2023,11,Nov,Bhopal,Madhya Pradesh,Laptop,Municipal Collection,Formal,1814,1339.99,474.01,1662.24,151.76,210.78,1,186490.8,91.63,82.28,84.43,Non-ferrous Metals,Dismantling,Q4,73.87,26.13,112.19
EW100575,2023-11-01,2023,11,Nov,Bhopal,Madhya Pradesh,Small Appliance,Informal Collector,Informal,2491,242.86,2248.14,1043.77,1447.23,141.61,6,61293.43,41.9,19.51,31.29,Precious Metals,Refurbishment,Q4,9.75,90.25,58.72
EW100958,2023-11-01,2023,11,Nov,Bhopal,Madhya Pradesh,Television,Municipal Collection,Formal,1651,1465.9,185.1,1545.82,105.18,81.31,2,228973.61,93.63,83.14,84.11,Ferrous Metals,Material Recovery,Q4,88.79,11.21,148.12
EW101058,2023-11-01,2023,11,Nov,Bhopal,Madhya Pradesh,Television,Scrap Dealer,Informal,2962,825.64,2136.36,1214.91,1747.09,259.0,13,117089.51,41.02,35.96,63.73,Non-ferrous Metals,Refurbishment,Q4,27.87,72.13,96.38
EW101185,2023-11-01,2023,11,Nov,Indore,Madhya Pradesh,Laptop,Retailer,Formal,1261,1092.48,168.52,972.91,288.09,106.61,1,35404.23,77.15,75.41,84.78,Copper,Material Recovery,Q4,86.64,13.36,36.39
EW100093,2023-11-01,2023,11,Nov,Mumbai,Maharashtra,Laptop,Retailer,Formal,3074,2415.1,658.9,2091.14,982.86,136.19,4,359517.69,68.03,77.45,95.5,Precious Metals,Manual Sorting,Q4,78.57,21.43,171.92
EW100208,2023-11-01,2023,11,Nov,Mumbai,Maharashtra,Monitor,Scrap Dealer,Informal,1852,179.23,1672.77,564.19,1287.81,164.18,7,45567.67,30.46,30.79,37.78,Mixed/Other,Landfill/Disposal,Q4,9.68,90.32,80.77
EW100772,2023-11-01,2023,11,Nov,Mumbai,Maharashtra,Printer,Informal Collector,Informal,2452,187.52,2264.48,1313.42,1138.58,155.2,6,80323.8,53.57,27.1,29.7,Glass,Landfill/Disposal,Q4,7.65,92.35,61.16
EW100855,2023-11-01,2023,11,Nov,Mumbai,Maharashtra,Desktop/PC,Informal Collector,Informal,3057,739.09,2317.91,1149.5,1907.5,235.79,9,99220.68,37.6,40.66,27.46,Non-ferrous Metals,Dismantling,Q4,24.18,75.82,86.32
EW101132,2023-11-01,2023,11,Nov,Nagpur,Maharashtra,Small Appliance,Municipal Collection,Formal,3316,2654.11,661.89,2577.94,738.06,239.48,5,282725.24,77.74,88.98,86.17,Plastic,Material Recovery,Q4,80.04,19.96,109.67
EW101138,2023-11-01,2023,11,Nov,Nagpur,Maharashtra,Air Conditioner,Authorized Collection Center,Formal,1546,1510.74,35.26,1210.67,335.33,184.26,1,86883.6,78.31,77.14,81.52,Plastic,Landfill/Disposal,Q4,97.72,2.28,71.76
EW100087,2023-11-01,2023,11,Nov,Pune,Maharashtra,Desktop/PC,Retailer,Formal,4052,2968.83,1083.17,3316.47,735.53,472.43,3,546220.82,81.85,98.8,76.48,Copper,Landfill/Disposal,Q4,73.27,26.73,164.7
EW100398,2023-11-01,2023,11,Nov,Pune,Maharashtra,Small Appliance,Scrap Dealer,Informal,1022,96.06,925.94,466.94,555.06,108.68,3,35980.34,45.69,13.06,31.93,Mixed/Other,Refurbishment,Q4,9.4,90.6,77.06
EW100624,2023-11-01,2023,11,Nov,Pune,Maharashtra,Refrigerator,Municipal Collection,Formal,4050,3136.62,913.38,3233.46,816.54,452.63,3,450870.1,79.84,91.49,77.3,Non-ferrous Metals,Refurbishment,Q4,77.45,22.55,139.44
EW100317,2023-11-01,2023,11,Nov,Jaipur,Rajasthan,Mobile Phone,Authorized Collection Center,Formal,2922,2555.3,366.7,2445.19,476.81,267.15,5,237706.34,83.68,81.62,93.45,Copper,Dismantling,Q4,87.45,12.55,97.21
EW101028,2023-11-01,2023,11,Nov,Chennai,Tamil Nadu,Desktop/PC,Retailer,Formal,1168,1099.08,68.92,1096.7,71.3,88.46,1,67947.03,93.9,75.12,87.22,Aluminium,Refurbishment,Q4,94.1,5.9,61.96
EW100487,2023-11-01,2023,11,Nov,Hyderabad,Telangana,Tablet,Municipal Collection,Formal,1804,1399.96,404.04,1330.41,473.59,172.51,2,126651.94,73.75,79.06,79.5,Ferrous Metals,Repair & Reuse,Q4,77.6,22.4,95.2
EW100659,2023-11-01,2023,11,Nov,Hyderabad,Telangana,Laptop,Informal Collector,Informal,3132,429.16,2702.84,810.73,2321.27,274.56,9,60122.51,25.89,13.27,49.43,Ferrous Metals,Dismantling,Q4,13.7,86.3,74.16
EW100693,2023-11-01,2023,11,Nov,Lucknow,Uttar Pradesh,Tablet,Authorized Collection Center,Formal,1131,1005.19,125.81,872.07,258.93,127.28,1,115435.3,77.11,75.1,97.19,Plastic,Material Recovery,Q4,88.88,11.12,132.37
EW100758,2023-11-01,2023,11,Nov,Lucknow,Uttar Pradesh,Mobile Phone,Authorized Collection Center,Formal,3136,2963.26,172.74,2540.14,595.86,133.85,3,327455.1,81.0,85.12,78.52,Non-ferrous Metals,Manual Sorting,Q4,94.49,5.51,128.91
EW100948,2023-12-01,2023,12,Dec,Guwahati,Assam,Monitor,Authorized Collection Center,Formal,4244,3228.09,1015.91,3942.49,301.51,424.77,8,532551.94,92.9,85.16,97.16,Precious Metals,Landfill/Disposal,Q4,76.06,23.94,135.08
EW100109,2023-12-01,2023,12,Dec,Delhi,Delhi,Monitor,Informal Collector,Informal,2283,558.64,1724.36,1080.44,1202.56,179.42,3,192395.13,47.33,9.92,30.4,Non-ferrous Metals,Manual Sorting,Q4,24.47,75.53,178.07
EW100462,2023-12-01,2023,12,Dec,Delhi,Delhi,Small Appliance,Producer Take-back,Formal,1044,1015.75,28.25,711.24,332.76,70.1,1,77402.92,68.13,75.59,84.77,Mixed/Other,Material Recovery,Q4,97.29,2.71,108.83
EW100547,2023-12-01,2023,12,Dec,Delhi,Delhi,Laptop,Scrap Dealer,Informal,3049,212.81,2836.19,1377.25,1671.75,329.01,7,63887.52,45.17,19.26,53.64,Aluminium,Repair & Reuse,Q4,6.98,93.02,46.39
EW100569,2023-12-01,2023,12,Dec,Delhi,Delhi,Small Appliance,Informal Collector,Informal,2920,546.4,2373.6,1416.42,1503.58,323.01,11,121263.04,48.51,43.65,56.07,Ferrous Metals,Repair & Reuse,Q4,18.71,81.29,85.61
EW100666,2023-12-01,2023,12,Dec,Delhi,Delhi,Desktop/PC,Informal Collector,Informal,1048,165.35,882.65,426.19,621.81,90.1,5,20781.75,40.67,20.6,38.3,Copper,Refurbishment,Q4,15.78,84.22,48.76
EW100321,2023-12-01,2023,12,Dec,Bengaluru,Karnataka,Printer,Producer Take-back,Formal,2766,2493.37,272.63,2528.31,237.69,280.19,5,337648.26,91.41,97.7,82.1,Mixed/Other,Manual Sorting,Q4,90.14,9.86,133.55
EW100653,2023-12-01,2023,12,Dec,Bengaluru,Karnataka,Desktop/PC,Municipal Collection,Formal,4332,3177.25,1154.75,3124.32,1207.68,446.81,4,215086.04,72.12,85.88,87.41,Non-ferrous Metals,Repair & Reuse,Q4,73.34,26.66,68.84
EW101009,2023-12-01,2023,12,Dec,Bengaluru,Karnataka,Laptop,Authorized Collection Center,Formal,130,111.44,18.56,95.7,34.3,14.25,1,9515.8,73.61,95.39,89.78,Glass,Refurbishment,Q4,85.72,14.28,99.43
EW100712,2023-12-01,2023,12,Dec,Mysuru,Karnataka,Laptop,Authorized Collection Center,Formal,4074,3437.11,636.89,3408.84,665.16,483.74,9,545455.57,83.67,96.34,86.23,Ferrous Metals,Manual Sorting,Q4,84.37,15.63,160.01
EW100092,2023-12-01,2023,12,Dec,Kochi,Kerala,Refrigerator,Producer Take-back,Formal,4649,3437.57,1211.43,4191.67,457.33,553.76,9,417758.18,90.16,90.54,89.27,Glass,Manual Sorting,Q4,73.94,26.06,99.66
EW100282,2023-12-01,2023,12,Dec,Kochi,Kerala,Printer,Informal Collector,Informal,3988,261.34,3726.66,2070.19,1917.81,198.78,9,334834.04,51.91,14.99,31.85,Copper,Manual Sorting,Q4,6.55,93.45,161.74
EW100455,2023-12-01,2023,12,Dec,Kochi,Kerala,Printer,Producer Take-back,Formal,2785,2109.7,675.3,1961.55,823.45,87.73,6,135913.32,70.43,80.08,92.66,Glass,Landfill/Disposal,Q4,75.75,24.25,69.29
EW100642,2023-12-01,2023,12,Dec,Kochi,Kerala,Desktop/PC,Authorized Collection Center,Formal,2850,2284.21,565.79,2156.68,693.32,273.62,6,135707.39,75.67,77.34,96.55,Ferrous Metals,Dismantling,Q4,80.15,19.85,62.92
EW101123,2023-12-01,2023,12,Dec,Kochi,Kerala,Desktop/PC,Authorized Collection Center,Formal,4809,3790.23,1018.77,3810.87,998.13,197.09,4,509165.88,79.24,84.77,92.43,Ferrous Metals,Repair & Reuse,Q4,78.82,21.18,133.61
EW100077,2023-12-01,2023,12,Dec,Bhopal,Madhya Pradesh,Tablet,Scrap Dealer,Informal,2788,605.97,2182.03,1504.52,1283.48,243.53,13,249731.9,53.96,30.87,51.19,Ferrous Metals,Manual Sorting,Q4,21.73,78.27,165.99
EW100975,2023-12-01,2023,12,Dec,Bhopal,Madhya Pradesh,Air Conditioner,Informal Collector,Informal,1453,280.44,1172.56,919.2,533.8,69.93,6,75002.81,63.26,44.58,27.1,Copper,Material Recovery,Q4,19.3,80.7,81.6
EW101100,2023-12-01,2023,12,Dec,Bhopal,Madhya Pradesh,Desktop/PC,Scrap Dealer,Informal,4948,471.24,4476.76,2506.55,2441.45,231.25,12,264382.45,50.66,21.88,24.77,Aluminium,Refurbishment,Q4,9.52,90.48,105.48
EW100328,2023-12-01,2023,12,Dec,Indore,Madhya Pradesh,Television,Authorized Collection Center,Formal,2793,2225.67,567.33,2576.44,216.56,215.31,3,239297.2,92.25,89.37,90.67,Glass,Refurbishment,Q4,79.69,20.31,92.88
EW100346,2023-12-01,2023,12,Dec,Indore,Madhya Pradesh,Television,Informal Collector,Informal,3590,802.12,2787.88,2322.75,1267.25,185.46,16,361049.11,64.7,13.99,37.97,Plastic,Material Recovery,Q4,22.34,77.66,155.44
EW100930,2023-12-01,2023,12,Dec,Indore,Madhya Pradesh,Desktop/PC,Authorized Collection Center,Formal,3116,2732.3,383.7,2283.47,832.53,351.37,7,407442.94,73.28,95.98,98.95,Glass,Dismantling,Q4,87.69,12.31,178.43
EW101033,2023-12-01,2023,12,Dec,Indore,Madhya Pradesh,Mobile Phone,Producer Take-back,Formal,1031,776.83,254.17,710.3,320.7,69.38,1,43831.68,68.89,81.91,80.96,Plastic,Material Recovery,Q4,75.35,24.65,61.71
EW100106,2023-12-01,2023,12,Dec,Nagpur,Maharashtra,Air Conditioner,Informal Collector,Informal,3038,247.01,2790.99,1702.5,1335.5,201.96,10,215737.46,56.04,19.91,43.07,Copper,Manual Sorting,Q4,8.13,91.87,126.72
EW100480,2023-12-01,2023,12,Dec,Nagpur,Maharashtra,Mobile Phone,Authorized Collection Center,Formal,154,112.18,41.82,134.48,19.52,14.65,1,21010.61,87.33,78.71,82.23,Non-ferrous Metals,Manual Sorting,Q4,72.84,27.16,156.24
EW100336,2023-12-01,2023,12,Dec,Nashik,Maharashtra,Monitor,Producer Take-back,Formal,1558,1396.6,161.4,1190.32,367.68,185.24,2,109687.78,76.4,89.48,94.24,Plastic,Manual Sorting,Q4,89.64,10.36,92.15
EW100399,2023-12-01,2023,12,Dec,Pune,Maharashtra,Mobile Phone,Retailer,Formal,4232,3649.27,582.73,3058.87,1173.13,151.29,5,204780.06,72.28,87.37,77.46,Precious Metals,Repair & Reuse,Q4,86.23,13.77,66.95
EW100133,2023-12-01,2023,12,Dec,Jaipur,Rajasthan,Small Appliance,Municipal Collection,Formal,3116,2329.13,786.87,2638.05,477.95,154.07,5,341045.12,84.66,78.65,76.47,Plastic,Dismantling,Q4,74.75,25.25,129.28
EW100310,2023-12-01,2023,12,Dec,Jaipur,Rajasthan,Tablet,Scrap Dealer,Informal,4428,454.15,3973.85,1566.43,2861.57,167.75,8,98718.16,35.38,7.02,48.19,Copper,Landfill/Disposal,Q4,10.26,89.74,63.02
EW100145,2023-12-01,2023,12,Dec,Chennai,Tamil Nadu,Television,Informal Collector,Informal,2788,764.98,2023.02,1531.38,1256.62,223.61,5,65557.67,54.93,17.8,53.89,Ferrous Metals,Landfill/Disposal,Q4,27.44,72.56,42.81
EW100292,2023-12-01,2023,12,Dec,Chennai,Tamil Nadu,Air Conditioner,Retailer,Formal,2478,2014.02,463.98,2173.06,304.94,140.15,3,109790.1,87.69,85.56,92.51,Plastic,Dismantling,Q4,81.28,18.72,50.52
EW101044,2023-12-01,2023,12,Dec,Chennai,Tamil Nadu,Television,Retailer,Formal,3033,2507.61,525.39,2282.98,750.02,257.43,5,231944.74,75.27,88.57,91.66,Ferrous Metals,Landfill/Disposal,Q4,82.68,17.32,101.6
EW101182,2023-12-01,2023,12,Dec,Chennai,Tamil Nadu,Printer,Producer Take-back,Formal,3884,3773.89,110.11,3329.23,554.77,226.7,7,275955.96,85.72,78.02,86.41,Plastic,Manual Sorting,Q4,97.17,2.83,82.89
EW100047,2023-12-01,2023,12,Dec,Lucknow,Uttar Pradesh,Desktop/PC,Informal Collector,Informal,2376,344.75,2031.25,1247.67,1128.33,180.69,4,111924.12,52.51,5.1,59.07,Mixed/Other,Refurbishment,Q4,14.51,85.49,89.71
EW100633,2023-12-01,2023,12,Dec,Lucknow,Uttar Pradesh,Desktop/PC,Municipal Collection,Formal,1771,1553.41,217.59,1295.7,475.3,132.0,3,190091.92,73.16,86.99,82.33,Plastic,Dismantling,Q4,87.71,12.29,146.71
EW100868,2023-12-01,2023,12,Dec,Lucknow,Uttar Pradesh,Tablet,Scrap Dealer,Informal,2695,574.11,2120.89,1696.75,998.25,308.88,7,169357.31,62.96,15.24,49.73,Mixed/Other,Dismantling,Q4,21.3,78.7,99.81
EW100261,2023-12-01,2023,12,Dec,Kolkata,West Bengal,Desktop/PC,Scrap Dealer,Informal,2655,192.72,2462.28,997.03,1657.97,137.36,5,96316.85,37.55,41.31,42.82,Precious Metals,Refurbishment,Q4,7.26,92.74,96.6
EW100819,2023-12-01,2023,12,Dec,Kolkata,West Bengal,Television,Authorized Collection Center,Formal,4675,4334.4,340.6,3908.47,766.53,439.37,6,425534.74,83.6,92.93,86.1,Precious Metals,Material Recovery,Q4,92.71,7.29,108.88
EW100916,2024-01-01,2024,1,Jan,Guwahati,Assam,Tablet,Scrap Dealer,Informal,2893,402.86,2490.14,1612.65,1280.35,240.84,7,288973.92,55.74,6.53,27.3,Precious Metals,Dismantling,Q1,13.93,86.07,179.19
EW100401,2024-01-01,2024,1,Jan,Delhi,Delhi,Mobile Phone,Scrap Dealer,Informal,734,53.19,680.81,450.33,283.67,72.25,2,35414.12,61.35,12.36,54.04,Ferrous Metals,Repair & Reuse,Q1,7.25,92.75,78.64
EW100718,2024-01-01,2024,1,Jan,Delhi,Delhi,Laptop,Municipal Collection,Formal,851,616.18,234.82,785.31,65.69,87.55,1,38108.27,92.28,92.73,98.04,Plastic,Landfill/Disposal,Q1,72.41,27.59,48.53
EW101067,2024-01-01,2024,1,Jan,Delhi,Delhi,Laptop,Retailer,Formal,2215,2161.4,53.6,1673.76,541.24,224.8,3,68242.37,75.56,93.31,79.05,Non-ferrous Metals,Dismantling,Q1,97.58,2.42,40.77
EW100154,2024-01-01,2024,1,Jan,Ahmedabad,Gujarat,Mobile Phone,Scrap Dealer,Informal,2837,438.89,2398.11,1048.24,1788.76,325.29,6,101994.37,36.95,39.91,57.89,Copper,Repair & Reuse,Q1,15.47,84.53,97.3
EW100181,2024-01-01,2024,1,Jan,Ahmedabad,Gujarat,Mobile Phone,Retailer,Formal,2254,1783.88,470.12,1763.96,490.04,153.19,3,293881.64,78.26,92.14,89.59,Mixed/Other,Refurbishment,Q1,79.14,20.86,166.6
EW100285,2024-01-01,2024,1,Jan,Ahmedabad,Gujarat,Mobile Phone,Authorized Collection Center,Formal,3063,2385.93,677.07,2616.44,446.56,220.99,6,138391.7,85.42,90.03,81.68,Ferrous Metals,Repair & Reuse,Q1,77.9,22.1,52.89
EW100344,2024-01-01,2024,1,Jan,Ahmedabad,Gujarat,Refrigerator,Authorized Collection Center,Formal,3595,2747.18,847.82,2496.4,1098.6,214.99,7,237116.32,69.44,90.67,88.91,Glass,Landfill/Disposal,Q1,76.42,23.58,94.98
EW100838,2024-01-01,2024,1,Jan,Ahmedabad,Gujarat,Mobile Phone,Informal Collector,Informal,2140,134.83,2005.17,1200.25,939.75,108.3,7,120594.18,56.09,28.18,59.47,Precious Metals,Refurbishment,Q1,6.3,93.7,100.47
EW101072,2024-01-01,2024,1,Jan,Ahmedabad,Gujarat,Mobile Phone,Producer Take-back,Formal,3650,3352.56,297.44,2783.98,866.02,157.41,8,128277.01,76.27,77.3,86.88,Precious Metals,Manual Sorting,Q1,91.85,8.15,46.08
EW101157,2024-01-01,2024,1,Jan,Ahmedabad,Gujarat,Small Appliance,Scrap Dealer,Informal,4671,1170.24,3500.76,2411.28,2259.72,412.26,11,222450.44,51.62,32.33,60.13,Mixed/Other,Manual Sorting,Q1,25.05,74.95,92.25
EW100663,2024-01-01,2024,1,Jan,Surat,Gujarat,Mobile Phone,Scrap Dealer,Informal,568,45.56,522.44,183.17,384.83,58.46,1,18858.46,32.25,42.54,28.36,Glass,Dismantling,Q1,8.02,91.98,102.96
EW100697,2024-01-01,2024,1,Jan,Surat,Gujarat,Television,Authorized Collection Center,Formal,2152,2012.75,139.25,1551.48,600.52,179.67,3,91237.88,72.1,77.96,98.52,Glass,Manual Sorting,Q1,93.53,6.47,58.81
EW100157,2024-01-01,2024,1,Jan,Bengaluru,Karnataka,Mobile Phone,Retailer,Formal,1799,1317.03,481.97,1513.18,285.82,144.96,2,122117.24,84.11,93.52,77.07,Precious Metals,Dismantling,Q1,73.21,26.79,80.7
EW101162,2024-01-01,2024,1,Jan,Bengaluru,Karnataka,Desktop/PC,Authorized Collection Center,Formal,3877,2868.97,1008.03,2843.1,1033.9,365.96,8,286065.13,73.33,87.16,75.78,Glass,Landfill/Disposal,Q1,74.0,26.0,100.62
EW101168,2024-01-01,2024,1,Jan,Bengaluru,Karnataka,Mobile Phone,Producer Take-back,Formal,3172,2723.75,448.25,2578.23,593.77,251.05,7,153829.54,81.28,82.59,96.33,Mixed/Other,Refurbishment,Q1,85.87,14.13,59.66
EW100284,2024-01-01,2024,1,Jan,Mysuru,Karnataka,Mobile Phone,Scrap Dealer,Informal,1804,108.54,1695.46,802.61,1001.39,123.93,6,144418.45,44.49,35.78,37.9,Aluminium,Dismantling,Q1,6.02,93.98,179.94
EW100360,2024-01-01,2024,1,Jan,Mysuru,Karnataka,Tablet,Scrap Dealer,Informal,4072,1046.8,3025.2,1176.82,2895.18,434.89,10,50364.37,28.9,31.77,30.41,Precious Metals,Material Recovery,Q1,25.71,74.29,42.8
EW100202,2024-01-01,2024,1,Jan,Kochi,Kerala,Printer,Scrap Dealer,Informal,1669,64.53,1604.47,872.97,796.03,86.41,6,134670.21,52.3,37.16,44.86,Precious Metals,Repair & Reuse,Q1,3.87,96.13,154.27
EW100370,2024-01-01,2024,1,Jan,Kochi,Kerala,Television,Informal Collector,Informal,505,125.31,379.69,282.43,222.57,45.67,1,31793.54,55.93,6.51,56.36,Non-ferrous Metals,Dismantling,Q1,24.81,75.19,112.57
EW100348,2024-01-01,2024,1,Jan,Bhopal,Madhya Pradesh,Air Conditioner,Scrap Dealer,Informal,764,41.7,722.3,239.51,524.49,88.19,3,39883.46,31.35,44.66,29.37,Precious Metals,Material Recovery,Q1,5.46,94.54,166.52
EW100201,2024-01-01,2024,1,Jan,Indore,Madhya Pradesh,Laptop,Scrap Dealer,Informal,3031,291.14,2739.86,942.43,2088.57,163.54,4,112689.08,31.09,38.69,44.7,Aluminium,Manual Sorting,Q1,9.61,90.39,119.57
EW100533,2024-01-01,2024,1,Jan,Indore,Madhya Pradesh,Television,Municipal Collection,Formal,3265,2682.12,582.88,2310.26,954.74,294.96,4,277029.45,70.76,89.19,92.26,Non-ferrous Metals,Dismantling,Q1,82.15,17.85,119.91
EW100606,2024-01-01,2024,1,Jan,Indore,Madhya Pradesh,Desktop/PC,Retailer,Formal,912,727.43,184.57,839.2,72.8,46.22,1,106100.71,92.02,92.99,85.5,Non-ferrous Metals,Dismantling,Q1,79.76,20.24,126.43
EW100777,2024-01-01,2024,1,Jan,Indore,Madhya Pradesh,Desktop/PC,Authorized Collection Center,Formal,113,96.39,16.61,89.77,23.23,8.6,1,8181.23,79.44,81.03,78.99,Glass,Material Recovery,Q1,85.3,14.7,91.14
EW100612,2024-01-01,2024,1,Jan,Nagpur,Maharashtra,Mobile Phone,Informal Collector,Informal,796,143.11,652.89,463.96,332.04,59.27,1,17156.23,58.29,17.13,51.41,Precious Metals,Repair & Reuse,Q1,17.98,82.02,36.98
EW100721,2024-01-01,2024,1,Jan,Nashik,Maharashtra,Tablet,Municipal Collection,Formal,2907,2486.69,420.31,2315.64,591.36,154.21,2,114133.27,79.66,93.18,80.36,Plastic,Dismantling,Q1,85.54,14.46,49.29
EW100191,2024-01-01,2024,1,Jan,Pune,Maharashtra,Mobile Phone,Producer Take-back,Formal,2470,2061.25,408.75,1873.76,596.24,131.75,2,81244.1,75.86,83.22,81.49,Glass,Material Recovery,Q1,83.45,16.55,43.36
EW100461,2024-01-01,2024,1,Jan,Pune,Maharashtra,Printer,Retailer,Formal,4917,4028.67,888.33,3379.65,1537.35,525.95,6,427565.95,68.73,92.16,85.32,Ferrous Metals,Repair & Reuse,Q1,81.93,18.07,126.51
EW100691,2024-01-01,2024,1,Jan,Pune,Maharashtra,Refrigerator,Authorized Collection Center,Formal,2833,2053.79,779.21,2465.95,367.05,322.91,5,243288.89,87.04,76.08,97.08,Aluminium,Manual Sorting,Q1,72.5,27.5,98.66
EW100791,2024-01-01,2024,1,Jan,Pune,Maharashtra,Tablet,Informal Collector,Informal,1935,538.53,1396.47,663.58,1271.42,166.71,6,27021.24,34.29,5.58,25.37,Glass,Landfill/Disposal,Q1,27.83,72.17,40.72
EW100200,2024-01-01,2024,1,Jan,Jaipur,Rajasthan,Printer,Authorized Collection Center,Formal,2210,1891.47,318.53,1674.93,535.07,81.59,3,251582.51,75.79,91.97,76.21,Non-ferrous Metals,Dismantling,Q1,85.59,14.41,150.2
EW100272,2024-01-01,2024,1,Jan,Jaipur,Rajasthan,Refrigerator,Scrap Dealer,Informal,3955,159.88,3795.12,2160.32,1794.68,152.43,14,295711.18,54.62,7.66,30.39,Ferrous Metals,Repair & Reuse,Q1,4.04,95.96,136.88
EW100280,2024-01-01,2024,1,Jan,Jaipur,Rajasthan,Small Appliance,Authorized Collection Center,Formal,1961,1855.3,105.7,1538.84,422.16,230.07,4,219334.43,78.47,81.71,78.16,Mixed/Other,Repair & Reuse,Q1,94.61,5.39,142.53
EW100203,2024-01-01,2024,1,Jan,Hyderabad,Telangana,Laptop,Informal Collector,Informal,4125,1028.44,3096.56,2390.48,1734.52,391.69,10,223163.05,57.95,9.11,28.51,Copper,Dismantling,Q1,24.93,75.07,93.35
EW100444,2024-01-01,2024,1,Jan,Kolkata,West Bengal,Mobile Phone,Municipal Collection,Formal,376,305.38,70.62,310.87,65.13,19.82,1,22856.88,82.68,96.5,77.48,Precious Metals,Dismantling,Q1,81.22,18.78,73.53
EW100583,2024-01-01,2024,1,Jan,Kolkata,West Bengal,Mobile Phone,Informal Collector,Informal,4764,648.63,4115.37,1844.56,2919.44,202.19,14,197306.36,38.72,21.15,50.54,Ferrous Metals,Manual Sorting,Q1,13.62,86.38,106.97
EW100184,2024-02-01,2024,2,Feb,Guwahati,Assam,Mobile Phone,Authorized Collection Center,Formal,850,772.0,78.0,604.64,245.36,94.54,1,67977.21,71.13,78.41,75.28,Aluminium,Repair & Reuse,Q1,90.82,9.18,112.43
EW100486,2024-02-01,2024,2,Feb,Guwahati,Assam,Small Appliance,Authorized Collection Center,Formal,1467,1205.08,261.92,1218.24,248.76,164.33,2,73462.4,83.04,84.09,95.24,Mixed/Other,Repair & Reuse,Q1,82.15,17.85,60.3
EW100771,2024-02-01,2024,2,Feb,Delhi,Delhi,Mobile Phone,Municipal Collection,Formal,2423,2228.67,194.33,1776.96,646.04,228.0,4,106473.94,73.34,81.28,86.91,Glass,Dismantling,Q1,91.98,8.02,59.92
EW100847,2024-02-01,2024,2,Feb,Delhi,Delhi,Mobile Phone,Retailer,Formal,2900,2622.38,277.62,2073.36,826.64,299.47,5,358034.06,71.5,83.15,77.6,Ferrous Metals,Dismantling,Q1,90.43,9.57,172.68
EW100879,2024-02-01,2024,2,Feb,Delhi,Delhi,Small Appliance,Producer Take-back,Formal,3164,2352.09,811.91,2614.98,549.02,127.31,3,205287.64,82.65,81.76,89.5,Plastic,Landfill/Disposal,Q1,74.34,25.66,78.5
EW100577,2024-02-01,2024,2,Feb,Ahmedabad,Gujarat,Monitor,Authorized Collection Center,Formal,2261,2033.33,227.67,1714.66,546.34,195.21,2,176628.12,75.84,87.11,89.04,Plastic,Repair & Reuse,Q1,89.93,10.07,103.01
EW101191,2024-02-01,2024,2,Feb,Ahmedabad,Gujarat,Laptop,Authorized Collection Center,Formal,4601,3786.35,814.65,4270.2,330.8,517.62,5,632916.05,92.81,89.94,78.7,Glass,Refurbishment,Q1,82.29,17.71,148.22
EW100488,2024-02-01,2024,2,Feb,Surat,Gujarat,Refrigerator,Municipal Collection,Formal,414,334.41,79.59,283.47,130.53,27.34,1,35387.78,68.47,90.92,95.07,Ferrous Metals,Dismantling,Q1,80.78,19.22,124.84
EW100582,2024-02-01,2024,2,Feb,Surat,Gujarat,Desktop/PC,Retailer,Formal,1499,1332.92,166.08,1258.69,240.31,90.05,3,51055.78,83.97,95.9,87.31,Aluminium,Refurbishment,Q1,88.92,11.08,40.56
EW101108,2024-02-01,2024,2,Feb,Surat,Gujarat,Laptop,Producer Take-back,Formal,770,739.79,30.21,528.37,241.63,26.67,1,39726.93,68.62,95.96,84.33,Plastic,Landfill/Disposal,Q1,96.08,3.92,75.19
EW100729,2024-02-01,2024,2,Feb,Bengaluru,Karnataka,Monitor,Informal Collector,Informal,4287,1096.02,3190.98,1980.79,2306.21,181.76,11,276724.85,46.2,11.97,46.56,Aluminium,Landfill/Disposal,Q1,25.57,74.43,139.7
EW100788,2024-02-01,2024,2,Feb,Bengaluru,Karnataka,Printer,Retailer,Formal,4109,3200.99,908.01,3030.52,1078.48,182.96,5,478266.59,73.75,94.87,84.19,Non-ferrous Metals,Refurbishment,Q1,77.9,22.1,157.82
EW100107,2024-02-01,2024,2,Feb,Mysuru,Karnataka,Desktop/PC,Informal Collector,Informal,3296,401.06,2894.94,2102.07,1193.93,175.45,12,172690.69,63.78,35.94,25.89,Copper,Material Recovery,Q1,12.17,87.83,82.15
EW101145,2024-02-01,2024,2,Feb,Mysuru,Karnataka,Laptop,Authorized Collection Center,Formal,4403,4262.54,140.46,3419.25,983.75,460.76,4,519866.44,77.66,90.78,79.63,Mixed/Other,Landfill/Disposal,Q1,96.81,3.19,152.04
EW100976,2024-02-01,2024,2,Feb,Bhopal,Madhya Pradesh,Small Appliance,Retailer,Formal,4101,3317.07,783.93,3283.98,817.02,453.82,5,550879.5,80.08,94.88,98.53,Copper,Landfill/Disposal,Q1,80.88,19.12,167.75
EW100032,2024-02-01,2024,2,Feb,Indore,Madhya Pradesh,Mobile Phone,Authorized Collection Center,Formal,4571,3681.72,889.28,3907.54,663.46,446.65,9,584156.44,85.49,77.19,86.87,Precious Metals,Landfill/Disposal,Q1,80.55,19.45,149.49
EW100450,2024-02-01,2024,2,Feb,Indore,Madhya Pradesh,Laptop,Scrap Dealer,Informal,4012,392.71,3619.29,1737.59,2274.41,154.86,18,296495.98,43.31,44.19,59.08,Non-ferrous Metals,Landfill/Disposal,Q1,9.79,90.21,170.64
EW100448,2024-02-01,2024,2,Feb,Mumbai,Maharashtra,Small Appliance,Informal Collector,Informal,2622,657.15,1964.85,943.95,1678.05,131.43,11,144877.33,36.0,22.93,42.02,Aluminium,Repair & Reuse,Q1,25.06,74.94,153.48
EW100482,2024-02-01,2024,2,Feb,Nagpur,Maharashtra,Tablet,Informal Collector,Informal,1937,199.3,1737.7,944.09,992.91,94.74,3,165845.59,48.74,5.88,56.12,Aluminium,Landfill/Disposal,Q1,10.29,89.71,175.67
EW100129,2024-02-01,2024,2,Feb,Nashik,Maharashtra,Laptop,Producer Take-back,Formal,1681,1376.8,304.2,1294.44,386.56,86.6,2,200207.01,77.0,81.71,97.62,Non-ferrous Metals,Landfill/Disposal,Q1,81.9,18.1,154.67
EW100411,2024-02-01,2024,2,Feb,Nashik,Maharashtra,Laptop,Scrap Dealer,Informal,444,32.13,411.87,112.69,331.31,16.33,1,17352.64,25.38,5.29,40.55,Ferrous Metals,Manual Sorting,Q1,7.24,92.76,153.99
EW100546,2024-02-01,2024,2,Feb,Nashik,Maharashtra,Refrigerator,Informal Collector,Informal,89,9.78,79.22,44.38,44.62,2.98,1,6901.77,49.86,35.67,35.78,Copper,Material Recovery,Q1,10.99,89.01,155.52
EW100766,2024-02-01,2024,2,Feb,Nashik,Maharashtra,Desktop/PC,Producer Take-back,Formal,2774,2448.21,325.79,2597.74,176.26,216.44,2,402908.34,93.65,81.04,93.66,Non-ferrous Metals,Manual Sorting,Q1,88.26,11.74,155.1
EW100894,2024-02-01,2024,2,Feb,Nashik,Maharashtra,Desktop/PC,Authorized Collection Center,Formal,4910,3717.24,1192.76,4049.51,860.49,288.38,7,305742.35,82.47,97.35,91.4,Copper,Dismantling,Q1,75.71,24.29,75.5
EW100676,2024-02-01,2024,2,Feb,Pune,Maharashtra,Desktop/PC,Retailer,Formal,3599,3430.63,168.37,2816.75,782.25,416.76,5,496306.36,78.26,75.2,96.57,Plastic,Landfill/Disposal,Q1,95.32,4.68,176.2
EW100939,2024-02-01,2024,2,Feb,Pune,Maharashtra,Refrigerator,Retailer,Formal,4801,4083.84,717.16,3687.44,1113.56,471.13,8,597892.35,76.81,88.05,80.72,Plastic,Landfill/Disposal,Q1,85.06,14.94,162.14
EW101152,2024-02-01,2024,2,Feb,Chennai,Tamil Nadu,Television,Informal Collector,Informal,2109,578.48,1530.52,1227.37,881.63,188.36,8,209623.03,58.2,43.39,63.6,Copper,Refurbishment,Q1,27.43,72.57,170.79
EW100673,2024-02-01,2024,2,Feb,Hyderabad,Telangana,Small Appliance,Scrap Dealer,Informal,3180,76.0,3104.0,999.92,2180.08,380.46,6,107860.69,31.44,38.94,20.92,Non-ferrous Metals,Manual Sorting,Q1,2.39,97.61,107.87
EW100696,2024-02-01,2024,2,Feb,Hyderabad,Telangana,Mobile Phone,Authorized Collection Center,Formal,1361,1049.17,311.83,935.33,425.67,139.44,1,145397.81,68.72,78.46,98.39,Glass,Refurbishment,Q1,77.09,22.91,155.45
EW100300,2024-02-01,2024,2,Feb,Lucknow,Uttar Pradesh,Mobile Phone,Retailer,Formal,3014,2571.54,442.46,2655.72,358.28,102.37,5,342572.75,88.11,80.56,91.35,Non-ferrous Metals,Repair & Reuse,Q1,85.32,14.68,128.99
EW100601,2024-02-01,2024,2,Feb,Lucknow,Uttar Pradesh,Printer,Scrap Dealer,Informal,2466,404.64,2061.36,1368.17,1097.83,193.25,10,54517.22,55.48,19.67,30.67,Aluminium,Dismantling,Q1,16.41,83.59,39.85
EW100806,2024-02-01,2024,2,Feb,Lucknow,Uttar Pradesh,Desktop/PC,Scrap Dealer,Informal,3595,298.39,3296.61,1494.18,2100.82,183.15,11,241321.2,41.56,33.48,46.1,Mixed/Other,Landfill/Disposal,Q1,8.3,91.7,161.51
EW100217,2024-02-01,2024,2,Feb,Kolkata,West Bengal,Mobile Phone,Retailer,Formal,1196,1010.8,185.2,1092.42,103.58,108.47,1,195840.81,91.34,87.65,84.4,Glass,Landfill/Disposal,Q1,84.52,15.48,179.27
EW100732,2024-02-01,2024,2,Feb,Kolkata,West Bengal,Refrigerator,Scrap Dealer,Informal,4343,1061.21,3281.79,1224.48,3118.52,434.38,14,143016.91,28.19,31.16,61.52,Copper,Repair & Reuse,Q1,24.43,75.57,116.8
EW100755,2024-02-01,2024,2,Feb,Kolkata,West Bengal,Mobile Phone,Authorized Collection Center,Formal,1931,1587.48,343.52,1603.14,327.86,147.45,3,207096.9,83.02,85.18,85.2,Non-ferrous Metals,Repair & Reuse,Q1,82.21,17.79,129.18
EW101090,2024-02-01,2024,2,Feb,Kolkata,West Bengal,Desktop/PC,Authorized Collection Center,Formal,791,628.07,162.93,735.3,55.7,50.72,1,55998.79,92.96,77.86,77.47,Plastic,Manual Sorting,Q1,79.4,20.6,76.16
EW100863,2024-03-01,2024,3,Mar,Guwahati,Assam,Laptop,Authorized Collection Center,Formal,582,496.11,85.89,476.31,105.69,31.48,1,42105.33,81.84,76.09,82.21,Glass,Dismantling,Q1,85.24,14.76,88.4
EW101017,2024-03-01,2024,3,Mar,Guwahati,Assam,Mobile Phone,Informal Collector,Informal,567,158.59,408.41,273.12,293.88,19.17,2,20432.72,48.17,6.3,56.94,Ferrous Metals,Landfill/Disposal,Q1,27.97,72.03,74.81
EW100830,2024-03-01,2024,3,Mar,Delhi,Delhi,Laptop,Informal Collector,Informal,2371,638.88,1732.12,1013.79,1357.21,232.26,9,74517.33,42.76,27.87,60.24,Mixed/Other,Refurbishment,Q1,26.95,73.05,73.5
EW100023,2024-03-01,2024,3,Mar,Ahmedabad,Gujarat,Mobile Phone,Informal Collector,Informal,3204,290.29,2913.71,2038.07,1165.93,227.98,14,128775.46,63.61,21.45,51.48,Mixed/Other,Repair & Reuse,Q1,9.06,90.94,63.19
EW100053,2024-03-01,2024,3,Mar,Ahmedabad,Gujarat,Refrigerator,Producer Take-back,Formal,1221,1104.82,116.18,893.62,327.38,117.54,2,122915.35,73.19,93.43,77.09,Aluminium,Material Recovery,Q1,90.48,9.52,137.55
EW100405,2024-03-01,2024,3,Mar,Bengaluru,Karnataka,Laptop,Retailer,Formal,4357,3457.36,899.64,3307.69,1049.31,516.15,8,459977.83,75.92,98.44,84.05,Glass,Manual Sorting,Q1,79.35,20.65,139.06
EW100971,2024-03-01,2024,3,Mar,Bengaluru,Karnataka,Mobile Phone,Scrap Dealer,Informal,4783,791.76,3991.24,1881.25,2901.75,180.44,19,303473.65,39.33,43.8,61.7,Plastic,Landfill/Disposal,Q1,16.55,83.45,161.31
EW100980,2024-03-01,2024,3,Mar,Bengaluru,Karnataka,Mobile Phone,Municipal Collection,Formal,1856,1575.01,280.99,1412.11,443.89,139.82,1,125044.84,76.08,77.37,88.72,Non-ferrous Metals,Manual Sorting,Q1,84.86,15.14,88.55
EW100821,2024-03-01,2024,3,Mar,Mysuru,Karnataka,Desktop/PC,Producer Take-back,Formal,2136,1840.15,295.85,1863.33,272.67,199.79,3,248644.95,87.23,95.97,85.37,Mixed/Other,Landfill/Disposal,Q1,86.15,13.85,133.44
EW101002,2024-03-01,2024,3,Mar,Mysuru,Karnataka,Air Conditioner,Retailer,Formal,3654,3439.4,214.6,3369.78,284.22,429.46,7,186203.71,92.22,95.47,84.6,Copper,Material Recovery,Q1,94.13,5.87,55.26
EW101161,2024-03-01,2024,3,Mar,Mysuru,Karnataka,Mobile Phone,Municipal Collection,Formal,4814,3817.71,996.29,3980.16,833.84,176.51,7,656259.96,82.68,79.52,82.95,Non-ferrous Metals,Dismantling,Q1,79.3,20.7,164.88
EW100083,2024-03-01,2024,3,Mar,Kochi,Kerala,Desktop/PC,Authorized Collection Center,Formal,2314,2237.61,76.39,2046.62,267.38,88.04,3,332518.21,88.44,97.67,86.22,Copper,Dismantling,Q1,96.7,3.3,162.47
EW100430,2024-03-01,2024,3,Mar,Kochi,Kerala,Tablet,Informal Collector,Informal,3941,905.49,3035.51,1382.2,2558.8,410.4,7,221976.38,35.07,24.97,33.34,Precious Metals,Dismantling,Q1,22.98,77.02,160.6
EW100883,2024-03-01,2024,3,Mar,Kochi,Kerala,Monitor,Scrap Dealer,Informal,110,8.83,101.17,29.55,80.45,12.66,1,2931.1,26.87,9.59,57.66,Aluminium,Landfill/Disposal,Q1,8.03,91.97,99.19
EW100701,2024-03-01,2024,3,Mar,Mumbai,Maharashtra,Desktop/PC,Producer Take-back,Formal,3440,2972.59,467.41,2633.23,806.77,326.25,6,219239.24,76.55,93.12,90.57,Mixed/Other,Dismantling,Q1,86.41,13.59,83.26
EW100794,2024-03-01,2024,3,Mar,Mumbai,Maharashtra,Television,Municipal Collection,Formal,2152,1839.77,312.23,1541.65,610.35,163.95,2,95162.89,71.64,76.56,93.3,Non-ferrous Metals,Material Recovery,Q1,85.49,14.51,61.73
EW100419,2024-03-01,2024,3,Mar,Nagpur,Maharashtra,Refrigerator,Producer Take-back,Formal,1179,1065.14,113.86,859.2,319.8,115.02,1,47955.25,72.88,79.45,79.37,Aluminium,Dismantling,Q1,90.34,9.66,55.81
EW101052,2024-03-01,2024,3,Mar,Nagpur,Maharashtra,Laptop,Informal Collector,Informal,2122,73.33,2048.67,633.22,1488.78,241.27,7,95280.42,29.84,18.31,46.67,Non-ferrous Metals,Repair & Reuse,Q1,3.46,96.54,150.47
EW101118,2024-03-01,2024,3,Mar,Nagpur,Maharashtra,Small Appliance,Informal Collector,Informal,195,22.78,172.22,84.44,110.56,11.55,1,4708.55,43.31,42.8,64.41,Mixed/Other,Dismantling,Q1,11.68,88.32,55.76
EW101171,2024-03-01,2024,3,Mar,Nashik,Maharashtra,Mobile Phone,Scrap Dealer,Informal,4928,345.53,4582.47,2588.97,2339.03,268.65,21,122043.93,52.54,35.93,24.5,Mixed/Other,Refurbishment,Q1,7.01,92.99,47.14
EW100044,2024-03-01,2024,3,Mar,Pune,Maharashtra,Desktop/PC,Informal Collector,Informal,1438,177.02,1260.98,717.32,720.68,154.75,6,40403.76,49.88,42.06,42.15,Glass,Repair & Reuse,Q1,12.31,87.69,56.33
EW100177,2024-03-01,2024,3,Mar,Chennai,Tamil Nadu,Desktop/PC,Authorized Collection Center,Formal,485,425.75,59.25,409.41,75.59,40.38,1,28424.31,84.41,87.3,77.5,Aluminium,Repair & Reuse,Q1,87.78,12.22,69.43
EW100528,2024-03-01,2024,3,Mar,Hyderabad,Telangana,Laptop,Authorized Collection Center,Formal,4621,3387.03,1233.97,3867.25,753.75,474.16,4,143777.51,83.69,82.51,89.12,Precious Metals,Dismantling,Q1,73.3,26.7,37.18
EW100769,2024-03-01,2024,3,Mar,Lucknow,Uttar Pradesh,Laptop,Scrap Dealer,Informal,2443,307.26,2135.74,1439.39,1003.61,154.13,8,155521.76,58.92,30.84,63.78,Copper,Repair & Reuse,Q1,12.58,87.42,108.05
EW100631,2024-03-01,2024,3,Mar,Kolkata,West Bengal,Television,Producer Take-back,Formal,2656,2449.35,206.65,2316.27,339.73,293.13,4,259233.35,87.21,84.98,95.41,Mixed/Other,Repair & Reuse,Q1,92.22,7.78,111.92
EW100991,2024-03-01,2024,3,Mar,Kolkata,West Bengal,Small Appliance,Scrap Dealer,Informal,3436,733.17,2702.83,1837.41,1598.59,121.15,11,86869.18,53.48,41.15,60.82,Ferrous Metals,Material Recovery,Q1,21.34,78.66,47.28
EW101048,2024-03-01,2024,3,Mar,Kolkata,West Bengal,Monitor,Informal Collector,Informal,1846,323.05,1522.95,1121.14,724.86,83.95,5,174631.83,60.73,5.77,25.05,Glass,Refurbishment,Q1,17.5,82.5,155.76
EW100831,2024-04-01,2024,4,Apr,Guwahati,Assam,Printer,Retailer,Formal,1098,1057.97,40.03,982.72,115.28,116.39,1,88879.78,89.5,97.43,85.37,Non-ferrous Metals,Dismantling,Q2,96.35,3.65,90.44
EW100322,2024-04-01,2024,4,Apr,Delhi,Delhi,Air Conditioner,Informal Collector,Informal,3894,94.33,3799.67,2108.64,1785.36,230.2,14,243978.36,54.15,18.71,26.06,Glass,Refurbishment,Q2,2.42,97.58,115.7
EW100407,2024-04-01,2024,4,Apr,Surat,Gujarat,Laptop,Producer Take-back,Formal,2991,2429.43,561.57,2344.93,646.07,105.18,5,382762.58,78.4,78.64,89.35,Aluminium,Landfill/Disposal,Q2,81.22,18.78,163.23
EW100895,2024-04-01,2024,4,Apr,Bengaluru,Karnataka,Tablet,Authorized Collection Center,Formal,1356,1266.4,89.6,1112.57,243.43,67.89,2,198324.91,82.05,93.81,88.8,Ferrous Metals,Repair & Reuse,Q2,93.39,6.61,178.26
EW100131,2024-04-01,2024,4,Apr,Mysuru,Karnataka,Laptop,Authorized Collection Center,Formal,4305,3349.89,955.11,3998.93,306.07,351.17,10,473468.24,92.89,86.5,82.53,Precious Metals,Landfill/Disposal,Q2,77.81,22.19,118.4
EW100118,2024-04-01,2024,4,Apr,Indore,Madhya Pradesh,Mobile Phone,Municipal Collection,Formal,794,650.14,143.86,580.62,213.38,58.06,1,34325.17,73.13,89.82,87.55,Aluminium,Material Recovery,Q2,81.88,18.12,59.12
EW100768,2024-04-01,2024,4,Apr,Mumbai,Maharashtra,Air Conditioner,Retailer,Formal,1206,1093.71,112.29,1009.35,196.65,135.65,1,58053.15,83.69,93.94,83.6,Mixed/Other,Material Recovery,Q2,90.69,9.31,57.52
EW100303,2024-04-01,2024,4,Apr,Nagpur,Maharashtra,Mobile Phone,Producer Take-back,Formal,2860,2355.32,504.68,2274.89,585.11,315.81,5,82279.41,79.54,97.64,80.69,Glass,Repair & Reuse,Q2,82.35,17.65,36.17
EW100218,2024-04-01,2024,4,Apr,Nashik,Maharashtra,Small Appliance,Municipal Collection,Formal,2573,2233.57,339.43,1923.27,649.73,178.39,4,87694.93,74.75,89.94,98.55,Glass,Repair & Reuse,Q2,86.81,13.19,45.6
EW100302,2024-04-01,2024,4,Apr,Nashik,Maharashtra,Desktop/PC,Authorized Collection Center,Formal,2364,2138.54,225.46,1666.36,697.64,138.51,5,121710.4,70.49,82.51,95.08,Precious Metals,Repair & Reuse,Q2,90.46,9.54,73.04
EW100760,2024-04-01,2024,4,Apr,Nashik,Maharashtra,Mobile Phone,Scrap Dealer,Informal,827,83.96,743.04,484.19,342.81,56.71,3,52757.11,58.55,29.88,37.79,Precious Metals,Landfill/Disposal,Q2,10.15,89.85,108.96
EW101004,2024-04-01,2024,4,Apr,Nashik,Maharashtra,Television,Scrap Dealer,Informal,542,79.69,462.31,160.2,381.8,20.36,1,12827.79,29.56,43.15,55.26,Plastic,Refurbishment,Q2,14.7,85.3,80.07
EW100353,2024-04-01,2024,4,Apr,Pune,Maharashtra,Air Conditioner,Scrap Dealer,Informal,4703,455.69,4247.31,1656.86,3046.14,279.68,9,101515.37,35.23,36.63,37.31,Ferrous Metals,Manual Sorting,Q2,9.69,90.31,61.27
EW100367,2024-04-01,2024,4,Apr,Pune,Maharashtra,Small Appliance,Informal Collector,Informal,941,164.65,776.35,610.04,330.96,65.09,4,51870.52,64.83,7.19,29.19,Copper,Dismantling,Q2,17.5,82.5,85.03
EW100621,2024-04-01,2024,4,Apr,Pune,Maharashtra,Tablet,Municipal Collection,Formal,841,772.42,68.58,700.12,140.88,45.0,2,115655.69,83.25,78.08,75.63,Aluminium,Landfill/Disposal,Q2,91.85,8.15,165.19
EW100024,2024-04-01,2024,4,Apr,Jaipur,Rajasthan,Small Appliance,Scrap Dealer,Informal,1762,399.53,1362.47,631.38,1130.62,122.47,3,24419.26,35.83,43.51,57.62,Ferrous Metals,Repair & Reuse,Q2,22.67,77.33,38.68
EW100841,2024-04-01,2024,4,Apr,Jaipur,Rajasthan,Television,Informal Collector,Informal,4081,614.7,3466.3,2517.13,1563.87,382.02,16,119138.91,61.68,13.8,20.4,Copper,Dismantling,Q2,15.06,84.94,47.33
EW101061,2024-04-01,2024,4,Apr,Jaipur,Rajasthan,Printer,Municipal Collection,Formal,4651,3993.84,657.16,4162.2,488.8,554.04,6,298011.04,89.49,77.74,78.38,Non-ferrous Metals,Repair & Reuse,Q2,85.87,14.13,71.6
EW101170,2024-04-01,2024,4,Apr,Jaipur,Rajasthan,Small Appliance,Retailer,Formal,2726,2118.17,607.83,2036.44,689.56,220.5,4,131265.52,74.7,76.62,79.11,Plastic,Landfill/Disposal,Q2,77.7,22.3,64.46
EW100493,2024-04-01,2024,4,Apr,Chennai,Tamil Nadu,Desktop/PC,Authorized Collection Center,Formal,484,388.06,95.94,339.74,144.26,44.36,1,29624.71,70.19,76.84,85.23,Mixed/Other,Dismantling,Q2,80.18,19.82,87.2
EW100536,2024-04-01,2024,4,Apr,Chennai,Tamil Nadu,Small Appliance,Informal Collector,Informal,1052,221.49,830.51,404.52,647.48,62.67,2,42211.96,38.45,12.23,41.85,Non-ferrous Metals,Repair & Reuse,Q2,21.05,78.95,104.35
EW100658,2024-04-01,2024,4,Apr,Chennai,Tamil Nadu,Mobile Phone,Informal Collector,Informal,687,175.9,511.1,286.92,400.08,69.04,1,39079.56,41.76,5.06,59.22,Copper,Landfill/Disposal,Q2,25.6,74.4,136.2
EW101176,2024-04-01,2024,4,Apr,Chennai,Tamil Nadu,Desktop/PC,Informal Collector,Informal,1111,133.06,977.94,330.7,780.3,57.82,2,50295.79,29.77,10.41,46.79,Mixed/Other,Dismantling,Q2,11.98,88.02,152.09
EW100235,2024-04-01,2024,4,Apr,Hyderabad,Telangana,Mobile Phone,Informal Collector,Informal,3277,398.41,2878.59,1070.17,2206.83,219.72,15,104265.21,32.66,40.12,47.25,Mixed/Other,Material Recovery,Q2,12.16,87.84,97.43
EW100474,2024-04-01,2024,4,Apr,Hyderabad,Telangana,Mobile Phone,Producer Take-back,Formal,2148,2085.78,62.22,1671.38,476.62,114.36,2,169437.76,77.81,93.23,79.94,Glass,Manual Sorting,Q2,97.1,2.9,101.38
EW100500,2024-04-01,2024,4,Apr,Hyderabad,Telangana,Laptop,Informal Collector,Informal,4792,1027.92,3764.08,1597.23,3194.77,232.27,10,84995.24,33.33,17.44,59.87,Mixed/Other,Refurbishment,Q2,21.45,78.55,53.21
EW100022,2024-04-01,2024,4,Apr,Lucknow,Uttar Pradesh,Tablet,Producer Take-back,Formal,2854,2553.55,300.45,2184.22,669.78,125.44,7,342148.3,76.53,95.65,81.01,Non-ferrous Metals,Landfill/Disposal,Q2,89.47,10.53,156.65
EW100273,2024-04-01,2024,4,Apr,Lucknow,Uttar Pradesh,Air Conditioner,Authorized Collection Center,Formal,1034,982.7,51.3,755.99,278.01,99.64,1,114443.67,73.11,98.93,75.72,Non-ferrous Metals,Refurbishment,Q2,95.04,4.96,151.38
EW100127,2024-04-01,2024,4,Apr,Kolkata,West Bengal,Mobile Phone,Retailer,Formal,3039,2189.06,849.94,2304.24,734.76,359.55,4,208455.74,75.82,77.88,98.38,Aluminium,Manual Sorting,Q2,72.03,27.97,90.47
EW100403,2024-04-01,2024,4,Apr,Kolkata,West Bengal,Mobile Phone,Retailer,Formal,4532,3618.67,913.33,3125.83,1406.17,342.09,6,397013.26,68.97,89.91,77.9,Non-ferrous Metals,Landfill/Disposal,Q2,79.85,20.15,127.01
EW100748,2024-04-01,2024,4,Apr,Kolkata,West Bengal,Printer,Scrap Dealer,Informal,1113,67.59,1045.41,702.49,410.51,74.0,2,26033.64,63.12,11.14,38.95,Glass,Material Recovery,Q2,6.07,93.93,37.06
EW100333,2024-05-01,2024,5,May,Guwahati,Assam,Mobile Phone,Authorized Collection Center,Formal,1544,1353.27,190.73,1283.45,260.55,102.11,2,68522.86,83.13,84.4,78.9,Ferrous Metals,Repair & Reuse,Q2,87.65,12.35,53.39
EW101055,2024-05-01,2024,5,May,Guwahati,Assam,Desktop/PC,Retailer,Formal,1846,1475.12,370.88,1480.39,365.61,200.56,1,242674.14,80.19,80.26,91.28,Copper,Refurbishment,Q2,79.91,20.09,163.93
EW100709,2024-05-01,2024,5,May,Delhi,Delhi,Mobile Phone,Informal Collector,Informal,2791,593.37,2197.63,1573.22,1217.78,275.46,11,101713.37,56.37,18.52,41.14,Non-ferrous Metals,Material Recovery,Q2,21.26,78.74,64.65
EW100717,2024-05-01,2024,5,May,Delhi,Delhi,Refrigerator,Informal Collector,Informal,990,225.19,764.81,470.5,519.5,30.21,2,44294.25,47.53,9.56,50.43,Non-ferrous Metals,Refurbishment,Q2,22.75,77.25,94.14
EW100751,2024-05-01,2024,5,May,Delhi,Delhi,Printer,Municipal Collection,Formal,712,683.22,28.78,562.48,149.52,39.22,1,94546.03,79.0,84.29,88.5,Plastic,Landfill/Disposal,Q2,95.96,4.04,168.09
EW100243,2024-05-01,2024,5,May,Ahmedabad,Gujarat,Air Conditioner,Producer Take-back,Formal,2339,1808.16,530.84,1988.24,350.76,242.44,2,332375.24,85.0,75.71,83.54,Aluminium,Manual Sorting,Q2,77.3,22.7,167.17
EW100603,2024-05-01,2024,5,May,Ahmedabad,Gujarat,Monitor,Authorized Collection Center,Formal,1240,1153.99,86.01,871.43,368.57,107.94,2,56865.02,70.28,90.97,76.89,Mixed/Other,Repair & Reuse,Q2,93.06,6.94,65.25
EW100298,2024-05-01,2024,5,May,Kochi,Kerala,Refrigerator,Authorized Collection Center,Formal,245,206.13,38.87,197.31,47.69,25.89,1,17806.16,80.54,94.4,94.77,Plastic,Manual Sorting,Q2,84.13,15.87,90.24
EW100620,2024-05-01,2024,5,May,Kochi,Kerala,Small Appliance,Municipal Collection,Formal,4347,3953.62,393.38,4009.23,337.77,239.51,10,177099.91,92.23,89.47,76.37,Plastic,Landfill/Disposal,Q2,90.95,9.05,44.17
EW100834,2024-05-01,2024,5,May,Bhopal,Madhya Pradesh,Laptop,Retailer,Formal,1532,1421.17,110.83,1138.67,393.33,145.98,1,197547.4,74.33,79.63,96.19,Copper,Repair & Reuse,Q2,92.77,7.23,173.49
EW100871,2024-05-01,2024,5,May,Bhopal,Madhya Pradesh,Air Conditioner,Retailer,Formal,423,327.72,95.28,324.89,98.11,34.07,1,28910.97,76.81,81.72,81.57,Ferrous Metals,Landfill/Disposal,Q2,77.48,22.52,88.99
EW100638,2024-05-01,2024,5,May,Indore,Madhya Pradesh,Mobile Phone,Authorized Collection Center,Formal,2990,2685.74,304.26,2372.31,617.69,142.12,6,359100.14,79.34,86.67,82.16,Glass,Refurbishment,Q2,89.82,10.18,151.37
EW100775,2024-05-01,2024,5,May,Indore,Madhya Pradesh,Television,Producer Take-back,Formal,2084,1511.58,572.42,1699.89,384.11,181.98,2,202195.26,81.57,90.53,91.49,Mixed/Other,Repair & Reuse,Q2,72.53,27.47,118.95
EW101102,2024-05-01,2024,5,May,Indore,Madhya Pradesh,Air Conditioner,Producer Take-back,Formal,1824,1560.41,263.59,1375.79,448.21,95.5,3,71739.73,75.43,83.88,78.64,Aluminium,Landfill/Disposal,Q2,85.55,14.45,52.14
EW100442,2024-05-01,2024,5,May,Mumbai,Maharashtra,Mobile Phone,Municipal Collection,Formal,4280,3266.89,1013.11,3702.96,577.04,196.15,5,395045.58,86.52,96.96,80.08,Precious Metals,Dismantling,Q2,76.33,23.67,106.68
EW100231,2024-05-01,2024,5,May,Pune,Maharashtra,Monitor,Authorized Collection Center,Formal,4757,3840.13,916.87,4445.02,311.98,509.42,9,624184.05,93.44,88.49,97.73,Ferrous Metals,Refurbishment,Q2,80.73,19.27,140.42
EW100512,2024-05-01,2024,5,May,Pune,Maharashtra,Refrigerator,Authorized Collection Center,Formal,1779,1659.58,119.42,1263.69,515.31,158.4,2,181200.21,71.03,88.19,85.86,Mixed/Other,Repair & Reuse,Q2,93.29,6.71,143.39
EW100955,2024-05-01,2024,5,May,Pune,Maharashtra,Small Appliance,Authorized Collection Center,Formal,563,419.28,143.72,481.5,81.5,23.65,1,52509.61,85.52,76.98,89.8,Plastic,Refurbishment,Q2,74.47,25.53,109.05
EW101105,2024-05-01,2024,5,May,Pune,Maharashtra,Television,Producer Take-back,Formal,767,578.58,188.42,546.81,220.19,79.3,1,80804.9,71.29,98.44,80.19,Mixed/Other,Manual Sorting,Q2,75.43,24.57,147.78
EW100790,2024-05-01,2024,5,May,Jaipur,Rajasthan,Mobile Phone,Informal Collector,Informal,1736,77.26,1658.74,553.22,1182.78,68.1,6,26920.17,31.87,35.17,20.92,Ferrous Metals,Landfill/Disposal,Q2,4.45,95.55,48.66
EW100692,2024-05-01,2024,5,May,Chennai,Tamil Nadu,Small Appliance,Retailer,Formal,3543,2748.34,794.66,2468.65,1074.35,289.41,6,267435.09,69.68,94.61,95.66,Aluminium,Repair & Reuse,Q2,77.57,22.43,108.33
EW100098,2024-05-01,2024,5,May,Hyderabad,Telangana,Television,Informal Collector,Informal,4513,653.41,3859.59,2211.41,2301.59,253.85,17,353200.96,49.0,36.19,21.78,Aluminium,Material Recovery,Q2,14.48,85.52,159.72
EW100142,2024-05-01,2024,5,May,Hyderabad,Telangana,Monitor,Informal Collector,Informal,3089,597.76,2491.24,785.13,2303.87,163.68,7,35363.93,25.42,43.39,41.52,Precious Metals,Dismantling,Q2,19.35,80.65,45.04
EW100491,2024-05-01,2024,5,May,Hyderabad,Telangana,Small Appliance,Retailer,Formal,2214,1818.25,395.75,2053.36,160.64,130.13,5,334248.38,92.74,83.4,77.0,Mixed/Other,Dismantling,Q2,82.13,17.87,162.78
EW100271,2024-05-01,2024,5,May,Lucknow,Uttar Pradesh,Mobile Phone,Authorized Collection Center,Formal,1215,882.69,332.31,880.36,334.64,86.05,1,118343.25,72.46,96.85,90.34,Non-ferrous Metals,Landfill/Disposal,Q2,72.65,27.35,134.43
EW100472,2024-05-01,2024,5,May,Lucknow,Uttar Pradesh,Television,Informal Collector,Informal,2593,382.42,2210.58,1526.54,1066.46,271.94,7,127203.87,58.87,24.68,45.77,Plastic,Landfill/Disposal,Q2,14.75,85.25,83.33
EW100513,2024-05-01,2024,5,May,Lucknow,Uttar Pradesh,Printer,Municipal Collection,Formal,1443,1180.11,262.89,1328.5,114.5,108.62,2,222293.83,92.07,95.97,87.04,Aluminium,Landfill/Disposal,Q2,81.78,18.22,167.33
EW100634,2024-05-01,2024,5,May,Lucknow,Uttar Pradesh,Desktop/PC,Producer Take-back,Formal,4342,3479.32,862.68,3885.96,456.04,362.76,9,693466.47,89.5,91.3,98.64,Glass,Refurbishment,Q2,80.13,19.87,178.45
EW100684,2024-05-01,2024,5,May,Lucknow,Uttar Pradesh,Tablet,Producer Take-back,Formal,3765,3031.45,733.55,2765.66,999.34,279.62,3,366031.11,73.46,87.56,96.57,Non-ferrous Metals,Material Recovery,Q2,80.52,19.48,132.35
EW100914,2024-05-01,2024,5,May,Lucknow,Uttar Pradesh,Refrigerator,Retailer,Formal,4892,4034.51,857.49,3423.18,1468.82,452.93,6,274380.58,69.97,77.91,95.75,Plastic,Repair & Reuse,Q2,82.47,17.53,80.15
EW101181,2024-05-01,2024,5,May,Lucknow,Uttar Pradesh,Desktop/PC,Informal Collector,Informal,3335,263.32,3071.68,880.69,2454.31,117.95,9,40732.07,26.41,28.87,49.13,Copper,Dismantling,Q2,7.9,92.1,46.25
EW100593,2024-06-01,2024,6,Jun,Guwahati,Assam,Refrigerator,Municipal Collection,Formal,1249,1172.27,76.73,1124.58,124.42,124.2,2,170749.1,90.04,89.46,82.1,Mixed/Other,Refurbishment,Q2,93.86,6.14,151.83
EW100773,2024-06-01,2024,6,Jun,Guwahati,Assam,Printer,Authorized Collection Center,Formal,2057,1787.64,269.36,1516.55,540.45,221.33,4,144185.62,73.73,86.37,84.87,Non-ferrous Metals,Refurbishment,Q2,86.91,13.09,95.07
EW100183,2024-06-01,2024,6,Jun,Delhi,Delhi,Mobile Phone,Retailer,Formal,3888,3208.0,680.0,2968.41,919.59,379.03,5,381987.28,76.35,90.51,96.31,Copper,Dismantling,Q2,82.51,17.49,128.68
EW100337,2024-06-01,2024,6,Jun,Delhi,Delhi,Mobile Phone,Municipal Collection,Formal,1627,1573.53,53.47,1115.69,511.31,192.68,1,170797.29,68.57,81.73,78.17,Precious Metals,Dismantling,Q2,96.71,3.29,153.09
EW100641,2024-06-01,2024,6,Jun,Delhi,Delhi,Desktop/PC,Informal Collector,Informal,1469,195.61,1273.39,923.61,545.39,105.89,6,140915.96,62.87,44.24,61.69,Copper,Repair & Reuse,Q2,13.32,86.68,152.57
EW100823,2024-06-01,2024,6,Jun,Delhi,Delhi,Monitor,Scrap Dealer,Informal,1599,338.78,1260.22,890.5,708.5,178.26,4,154230.85,55.69,39.62,33.34,Copper,Landfill/Disposal,Q2,21.19,78.81,173.2
EW100369,2024-06-01,2024,6,Jun,Ahmedabad,Gujarat,Printer,Scrap Dealer,Informal,2233,108.87,2124.13,590.04,1642.96,266.82,5,25256.88,26.42,12.6,21.75,Copper,Dismantling,Q2,4.88,95.12,42.81
EW100942,2024-06-01,2024,6,Jun,Ahmedabad,Gujarat,Desktop/PC,Municipal Collection,Formal,2006,1612.81,393.19,1605.97,400.03,135.12,2,279252.07,80.06,84.7,96.01,Mixed/Other,Landfill/Disposal,Q2,80.4,19.6,173.88
EW100670,2024-06-01,2024,6,Jun,Surat,Gujarat,Desktop/PC,Authorized Collection Center,Formal,4769,4386.48,382.52,4340.29,428.71,238.15,7,447904.43,91.01,95.97,93.31,Copper,Material Recovery,Q2,91.98,8.02,103.2
EW100888,2024-06-01,2024,6,Jun,Surat,Gujarat,Desktop/PC,Producer Take-back,Formal,2521,2211.72,309.28,2165.65,355.35,139.69,4,89738.67,85.9,94.62,98.76,Precious Metals,Dismantling,Q2,87.73,12.27,41.44
EW100962,2024-06-01,2024,6,Jun,Surat,Gujarat,Mobile Phone,Informal Collector,Informal,80,5.52,74.48,36.02,43.98,8.11,1,4705.87,45.02,17.94,35.35,Ferrous Metals,Material Recovery,Q2,6.9,93.1,130.65
EW100049,2024-06-01,2024,6,Jun,Bengaluru,Karnataka,Television,Producer Take-back,Formal,4660,3576.06,1083.94,3852.1,807.9,492.39,4,433837.6,82.66,80.6,83.23,Ferrous Metals,Repair & Reuse,Q2,76.74,23.26,112.62
EW100204,2024-06-01,2024,6,Jun,Bengaluru,Karnataka,Tablet,Informal Collector,Informal,2517,211.87,2305.13,1375.19,1141.81,147.15,4,119963.4,54.64,15.82,57.92,Glass,Repair & Reuse,Q2,8.42,91.58,87.23
EW100471,2024-06-01,2024,6,Jun,Mysuru,Karnataka,Desktop/PC,Authorized Collection Center,Formal,607,508.26,98.74,431.22,175.78,42.97,1,51441.17,71.04,76.89,79.6,Precious Metals,Refurbishment,Q2,83.73,16.27,119.29
EW100383,2024-06-01,2024,6,Jun,Kochi,Kerala,Desktop/PC,Scrap Dealer,Informal,814,17.09,796.91,366.95,447.05,67.14,2,15743.87,45.08,17.56,42.46,Glass,Manual Sorting,Q2,2.1,97.9,42.9
EW100451,2024-06-01,2024,6,Jun,Bhopal,Madhya Pradesh,Small Appliance,Authorized Collection Center,Formal,966,862.0,104.0,899.36,66.64,108.6,1,135166.02,93.1,78.26,98.46,Ferrous Metals,Dismantling,Q2,89.23,10.77,150.29
EW101038,2024-06-01,2024,6,Jun,Bhopal,Madhya Pradesh,Printer,Producer Take-back,Formal,1192,1145.76,46.24,918.26,273.74,71.07,2,64827.44,77.04,90.64,94.97,Mixed/Other,Manual Sorting,Q2,96.12,3.88,70.6
EW101128,2024-06-01,2024,6,Jun,Bhopal,Madhya Pradesh,Desktop/PC,Producer Take-back,Formal,3710,3560.88,149.12,2557.27,1152.73,367.31,7,107890.91,68.93,88.06,87.36,Plastic,Dismantling,Q2,95.98,4.02,42.19
EW100501,2024-06-01,2024,6,Jun,Indore,Madhya Pradesh,Television,Municipal Collection,Formal,3578,2703.89,874.11,2745.94,832.06,296.28,3,386816.88,76.74,84.29,93.83,Aluminium,Dismantling,Q2,75.57,24.43,140.87
EW100538,2024-06-01,2024,6,Jun,Indore,Madhya Pradesh,Monitor,Retailer,Formal,3182,2958.45,223.55,2166.78,1015.22,187.12,4,148010.61,68.1,79.79,75.91,Precious Metals,Material Recovery,Q2,92.97,7.03,68.31
EW101023,2024-06-01,2024,6,Jun,Indore,Madhya Pradesh,Refrigerator,Informal Collector,Informal,742,178.39,563.61,297.29,444.71,60.59,1,21751.61,40.07,33.41,50.51,Precious Metals,Manual Sorting,Q2,24.04,75.96,73.17
EW100061,2024-06-01,2024,6,Jun,Mumbai,Maharashtra,Mobile Phone,Municipal Collection,Formal,3611,2695.88,915.12,3318.06,292.94,365.1,3,429516.8,91.89,93.51,83.99,Ferrous Metals,Landfill/Disposal,Q2,74.66,25.34,129.45
EW100066,2024-06-01,2024,6,Jun,Mumbai,Maharashtra,Monitor,Retailer,Formal,4369,3752.79,616.21,3517.41,851.59,326.5,9,175632.27,80.51,83.02,76.81,Plastic,Dismantling,Q2,85.9,14.1,49.93
EW100431,2024-06-01,2024,6,Jun,Mumbai,Maharashtra,Mobile Phone,Informal Collector,Informal,3819,596.88,3222.12,1973.56,1845.44,206.39,17,193749.27,51.68,10.16,53.4,Copper,Material Recovery,Q2,15.63,84.37,98.17
EW100309,2024-06-01,2024,6,Jun,Nagpur,Maharashtra,Mobile Phone,Informal Collector,Informal,4666,465.07,4200.93,1241.64,3424.36,387.05,13,218777.85,26.61,26.77,32.39,Plastic,Landfill/Disposal,Q2,9.97,90.03,176.2
EW100338,2024-06-01,2024,6,Jun,Nagpur,Maharashtra,Mobile Phone,Retailer,Formal,501,388.9,112.1,398.33,102.67,17.21,1,61669.24,79.51,89.11,83.47,Copper,Landfill/Disposal,Q2,77.62,22.38,154.82
EW100822,2024-06-01,2024,6,Jun,Nagpur,Maharashtra,Refrigerator,Authorized Collection Center,Formal,1828,1336.66,491.34,1515.83,312.17,195.25,2,119516.34,82.92,94.1,83.06,Ferrous Metals,Material Recovery,Q2,73.12,26.88,78.85
EW100223,2024-06-01,2024,6,Jun,Nashik,Maharashtra,Tablet,Municipal Collection,Formal,233,223.39,9.61,164.61,68.39,17.6,1,6690.44,70.65,75.86,79.21,Non-ferrous Metals,Manual Sorting,Q2,95.88,4.12,40.64
EW100655,2024-06-01,2024,6,Jun,Jaipur,Rajasthan,Mobile Phone,Informal Collector,Informal,2816,245.17,2570.83,1257.64,1558.36,331.72,7,152528.94,44.66,8.61,47.27,Aluminium,Material Recovery,Q2,8.71,91.29,121.28
EW100986,2024-06-01,2024,6,Jun,Jaipur,Rajasthan,Printer,Municipal Collection,Formal,2619,2008.14,610.86,1975.06,643.94,185.83,3,136020.04,75.41,92.66,75.19,Non-ferrous Metals,Repair & Reuse,Q2,76.68,23.32,68.87
EW101175,2024-06-01,2024,6,Jun,Jaipur,Rajasthan,Printer,Retailer,Formal,4630,4456.86,173.14,3419.86,1210.14,394.93,3,581750.23,73.86,87.55,76.04,Mixed/Other,Dismantling,Q2,96.26,3.74,170.11
EW100519,2024-06-01,2024,6,Jun,Chennai,Tamil Nadu,Mobile Phone,Authorized Collection Center,Formal,1146,899.97,246.03,874.8,271.2,48.3,1,103209.48,76.33,85.6,83.32,Glass,Manual Sorting,Q2,78.53,21.47,117.98
EW100020,2024-06-01,2024,6,Jun,Kolkata,West Bengal,Small Appliance,Informal Collector,Informal,1975,75.66,1899.34,658.8,1316.2,178.55,5,47336.93,33.36,16.81,34.51,Mixed/Other,Refurbishment,Q2,3.83,96.17,71.85
EW100852,2024-06-01,2024,6,Jun,Kolkata,West Bengal,Television,Informal Collector,Informal,1245,175.46,1069.54,794.8,450.2,113.38,1,83253.14,63.84,21.58,24.8,Precious Metals,Dismantling,Q2,14.09,85.91,104.75
EW100037,2024-07-01,2024,7,Jul,Guwahati,Assam,Mobile Phone,Authorized Collection Center,Formal,3566,3490.82,75.18,3071.04,494.96,230.29,7,515050.06,86.12,98.01,76.39,Aluminium,Repair & Reuse,Q3,97.89,2.11,167.71
EW101098,2024-07-01,2024,7,Jul,Guwahati,Assam,Refrigerator,Authorized Collection Center,Formal,3175,2407.17,767.83,2959.87,215.13,303.73,3,414395.63,93.22,88.8,77.62,Aluminium,Refurbishment,Q3,75.82,24.18,140.0
EW100613,2024-07-01,2024,7,Jul,Ahmedabad,Gujarat,Mobile Phone,Informal Collector,Informal,2972,570.55,2401.45,1791.41,1180.59,198.66,7,66469.59,60.28,27.99,38.1,Glass,Repair & Reuse,Q3,19.2,80.8,37.1
EW101024,2024-07-01,2024,7,Jul,Ahmedabad,Gujarat,Mobile Phone,Municipal Collection,Formal,1237,1013.51,223.49,870.63,366.37,49.61,2,149686.29,70.38,89.66,92.18,Ferrous Metals,Material Recovery,Q3,81.93,18.07,171.93
EW100159,2024-07-01,2024,7,Jul,Surat,Gujarat,Desktop/PC,Authorized Collection Center,Formal,4804,3740.31,1063.69,3580.19,1223.81,511.89,8,397013.0,74.53,77.75,95.64,Non-ferrous Metals,Material Recovery,Q3,77.86,22.14,110.89
EW100889,2024-07-01,2024,7,Jul,Surat,Gujarat,Laptop,Municipal Collection,Formal,3149,2912.34,236.66,2349.18,799.82,310.89,6,192182.37,74.6,88.09,78.53,Mixed/Other,Dismantling,Q3,92.48,7.52,81.81
EW100233,2024-07-01,2024,7,Jul,Bengaluru,Karnataka,Television,Municipal Collection,Formal,2466,2050.96,415.04,1874.89,591.11,181.01,2,327017.65,76.03,92.15,97.86,Mixed/Other,Material Recovery,Q3,83.17,16.83,174.42
EW100510,2024-07-01,2024,7,Jul,Bengaluru,Karnataka,Television,Authorized Collection Center,Formal,3857,3385.72,471.28,2811.79,1045.21,395.14,9,207923.11,72.9,86.88,77.07,Precious Metals,Refurbishment,Q3,87.78,12.22,73.95
EW101030,2024-07-01,2024,7,Jul,Bengaluru,Karnataka,Tablet,Producer Take-back,Formal,4260,4154.77,105.23,3765.07,494.93,471.79,6,259567.6,88.38,84.88,92.19,Glass,Dismantling,Q3,97.53,2.47,68.94
EW100147,2024-07-01,2024,7,Jul,Mysuru,Karnataka,Refrigerator,Municipal Collection,Formal,3380,2574.27,805.73,2704.02,675.98,104.24,4,379473.45,80.0,98.8,77.38,Mixed/Other,Dismantling,Q3,76.16,23.84,140.34
EW100824,2024-07-01,2024,7,Jul,Mysuru,Karnataka,Mobile Phone,Retailer,Formal,880,704.47,175.53,820.63,59.37,35.73,2,39551.81,93.25,80.54,76.12,Ferrous Metals,Repair & Reuse,Q3,80.05,19.95,48.2
EW100840,2024-07-01,2024,7,Jul,Mysuru,Karnataka,Air Conditioner,Authorized Collection Center,Formal,1941,1640.99,300.01,1621.34,319.66,140.76,3,158706.41,83.53,79.85,80.13,Aluminium,Manual Sorting,Q3,84.54,15.46,97.89
EW100678,2024-07-01,2024,7,Jul,Kochi,Kerala,Television,Authorized Collection Center,Formal,2147,2103.45,43.55,2011.04,135.96,234.78,3,270592.4,93.67,85.0,90.56,Precious Metals,Manual Sorting,Q3,97.97,2.03,134.55
EW100152,2024-07-01,2024,7,Jul,Bhopal,Madhya Pradesh,Desktop/PC,Authorized Collection Center,Formal,1286,1004.78,281.22,998.67,287.33,45.82,2,145960.75,77.66,92.61,82.19,Ferrous Metals,Refurbishment,Q3,78.13,21.87,146.16
EW100870,2024-07-01,2024,7,Jul,Bhopal,Madhya Pradesh,Air Conditioner,Authorized Collection Center,Formal,833,743.29,89.71,712.0,121.0,43.9,1,111105.3,85.47,93.28,82.9,Aluminium,Landfill/Disposal,Q3,89.23,10.77,156.05
EW100990,2024-07-01,2024,7,Jul,Bhopal,Madhya Pradesh,Laptop,Scrap Dealer,Informal,4429,250.81,4178.19,2660.99,1768.01,205.01,19,269457.73,60.08,18.13,27.12,Aluminium,Dismantling,Q3,5.66,94.34,101.26
EW100506,2024-07-01,2024,7,Jul,Indore,Madhya Pradesh,Mobile Phone,Informal Collector,Informal,2819,337.54,2481.46,1183.27,1635.73,265.9,10,92702.6,41.97,21.43,29.8,Glass,Manual Sorting,Q3,11.97,88.03,78.34
EW100746,2024-07-01,2024,7,Jul,Indore,Madhya Pradesh,Printer,Producer Take-back,Formal,1485,1318.34,166.66,1329.0,156.0,58.84,2,180847.89,89.49,89.08,94.99,Mixed/Other,Refurbishment,Q3,88.78,11.22,136.08
EW100968,2024-07-01,2024,7,Jul,Indore,Madhya Pradesh,Laptop,Retailer,Formal,3233,2477.85,755.15,2199.55,1033.45,345.23,6,297220.32,68.03,88.12,91.82,Copper,Refurbishment,Q3,76.64,23.36,135.13
EW101150,2024-07-01,2024,7,Jul,Indore,Madhya Pradesh,Tablet,Informal Collector,Informal,3288,235.5,3052.5,1514.85,1773.15,257.61,9,222568.54,46.07,25.67,47.44,Ferrous Metals,Manual Sorting,Q3,7.16,92.84,146.92
EW100580,2024-07-01,2024,7,Jul,Mumbai,Maharashtra,Mobile Phone,Municipal Collection,Formal,1961,1450.23,510.77,1401.9,559.1,172.62,2,192975.56,71.49,88.38,81.14,Copper,Manual Sorting,Q3,73.95,26.05,137.65
EW100489,2024-07-01,2024,7,Jul,Nagpur,Maharashtra,Mobile Phone,Retailer,Formal,4945,3625.78,1319.22,4472.87,472.13,300.09,11,766774.16,90.45,91.1,90.95,Copper,Refurbishment,Q3,73.32,26.68,171.43
EW100671,2024-07-01,2024,7,Jul,Nagpur,Maharashtra,Printer,Informal Collector,Informal,3196,679.09,2516.91,1492.97,1703.03,248.23,8,164936.4,46.71,31.22,38.83,Precious Metals,Dismantling,Q3,21.25,78.75,110.48
EW100656,2024-07-01,2024,7,Jul,Nashik,Maharashtra,Mobile Phone,Authorized Collection Center,Formal,1783,1492.33,290.67,1610.36,172.64,207.03,2,273878.89,90.32,89.0,87.92,Precious Metals,Manual Sorting,Q3,83.7,16.3,170.07
EW100705,2024-07-01,2024,7,Jul,Nashik,Maharashtra,Laptop,Informal Collector,Informal,136,20.67,115.33,77.95,58.05,8.59,1,3197.44,57.32,16.26,30.99,Plastic,Refurbishment,Q3,15.2,84.8,41.02
EW100947,2024-07-01,2024,7,Jul,Pune,Maharashtra,Air Conditioner,Producer Take-back,Formal,2391,2267.8,123.2,2145.43,245.57,121.17,2,325369.59,89.73,89.77,77.42,Non-ferrous Metals,Dismantling,Q3,94.85,5.15,151.66
EW101173,2024-07-01,2024,7,Jul,Pune,Maharashtra,Laptop,Informal Collector,Informal,4492,310.15,4181.85,2361.49,2130.51,161.4,14,309531.06,52.57,35.64,40.42,Glass,Material Recovery,Q3,6.9,93.1,131.07
EW100576,2024-07-01,2024,7,Jul,Jaipur,Rajasthan,Television,Scrap Dealer,Informal,2700,447.93,2252.07,1417.43,1282.57,160.08,4,250178.52,52.5,16.45,39.07,Mixed/Other,Manual Sorting,Q3,16.59,83.41,176.5
EW101000,2024-07-01,2024,7,Jul,Jaipur,Rajasthan,Desktop/PC,Producer Take-back,Formal,146,113.21,32.79,125.4,20.6,16.99,1,13898.02,85.89,80.76,96.4,Glass,Material Recovery,Q3,77.54,22.46,110.83
EW101053,2024-07-01,2024,7,Jul,Jaipur,Rajasthan,Mobile Phone,Authorized Collection Center,Formal,1320,1139.05,180.95,1057.87,262.13,149.83,1,78415.62,80.14,84.87,80.84,Aluminium,Dismantling,Q3,86.29,13.71,74.13
EW100872,2024-07-01,2024,7,Jul,Chennai,Tamil Nadu,Air Conditioner,Informal Collector,Informal,3159,330.8,2828.2,1090.0,2069.0,247.01,14,146525.27,34.5,34.78,57.55,Precious Metals,Repair & Reuse,Q3,10.47,89.53,134.43
EW100681,2024-07-01,2024,7,Jul,Hyderabad,Telangana,Mobile Phone,Authorized Collection Center,Formal,3519,2987.23,531.77,2679.53,839.47,344.26,4,244739.88,76.14,95.78,92.39,Ferrous Metals,Refurbishment,Q3,84.89,15.11,91.34
EW100919,2024-07-01,2024,7,Jul,Hyderabad,Telangana,Tablet,Authorized Collection Center,Formal,963,829.96,133.04,869.66,93.34,87.66,1,101257.75,90.31,92.16,92.47,Ferrous Metals,Manual Sorting,Q3,86.18,13.82,116.43
EW100103,2024-07-01,2024,7,Jul,Lucknow,Uttar Pradesh,Desktop/PC,Authorized Collection Center,Formal,3782,3149.46,632.54,2614.69,1167.31,168.49,3,339186.23,69.14,82.98,88.02,Plastic,Material Recovery,Q3,83.27,16.73,129.72
EW100384,2024-07-01,2024,7,Jul,Lucknow,Uttar Pradesh,Small Appliance,Retailer,Formal,1796,1382.0,414.0,1649.59,146.41,143.36,2,160792.42,91.85,82.49,92.4,Ferrous Metals,Dismantling,Q3,76.95,23.05,97.47
EW100782,2024-07-01,2024,7,Jul,Lucknow,Uttar Pradesh,Mobile Phone,Informal Collector,Informal,4640,1212.11,3427.89,1777.41,2862.59,349.34,7,64002.51,38.31,14.61,24.54,Aluminium,Dismantling,Q3,26.12,73.88,36.01
EW101032,2024-07-01,2024,7,Jul,Lucknow,Uttar Pradesh,Mobile Phone,Informal Collector,Informal,1226,163.59,1062.41,616.76,609.24,50.15,3,66985.62,50.31,17.62,64.6,Plastic,Dismantling,Q3,13.34,86.66,108.61
EW101056,2024-07-01,2024,7,Jul,Lucknow,Uttar Pradesh,Mobile Phone,Producer Take-back,Formal,3808,3438.93,369.07,3310.58,497.42,421.6,3,183892.75,86.94,89.36,89.86,Glass,Dismantling,Q3,90.31,9.69,55.55
EW100220,2024-08-01,2024,8,Aug,Guwahati,Assam,Monitor,Informal Collector,Informal,4312,1022.83,3289.17,2430.97,1881.03,275.66,14,368751.76,56.38,6.84,56.36,Mixed/Other,Dismantling,Q3,23.72,76.28,151.69
EW100799,2024-08-01,2024,8,Aug,Delhi,Delhi,Refrigerator,Informal Collector,Informal,4053,1101.85,2951.15,1149.18,2903.82,248.18,12,43040.95,28.35,19.6,32.32,Precious Metals,Repair & Reuse,Q3,27.19,72.81,37.45
EW101015,2024-08-01,2024,8,Aug,Delhi,Delhi,Refrigerator,Scrap Dealer,Informal,2749,506.26,2242.74,953.46,1795.54,189.49,6,155643.72,34.68,9.5,50.59,Copper,Refurbishment,Q3,18.42,81.58,163.24
EW101041,2024-08-01,2024,8,Aug,Delhi,Delhi,Small Appliance,Municipal Collection,Formal,3265,2569.32,695.68,2544.01,720.99,202.61,4,206446.29,77.92,89.91,78.94,Aluminium,Dismantling,Q3,78.69,21.31,81.15
EW100372,2024-08-01,2024,8,Aug,Bengaluru,Karnataka,Small Appliance,Municipal Collection,Formal,3520,2748.16,771.84,2456.0,1064.0,164.88,6,189719.84,69.77,85.02,84.04,Aluminium,Material Recovery,Q3,78.07,21.93,77.25
EW100880,2024-08-01,2024,8,Aug,Bengaluru,Karnataka,Air Conditioner,Authorized Collection Center,Formal,1673,1616.61,56.39,1286.54,386.46,116.49,3,154657.18,76.9,82.63,88.29,Plastic,Dismantling,Q3,96.63,3.37,120.21
EW100102,2024-08-01,2024,8,Aug,Bhopal,Madhya Pradesh,Television,Scrap Dealer,Informal,489,70.92,418.08,130.22,358.78,21.89,1,18244.01,26.63,28.73,49.26,Ferrous Metals,Manual Sorting,Q3,14.5,85.5,140.1
EW100211,2024-08-01,2024,8,Aug,Bhopal,Madhya Pradesh,Monitor,Informal Collector,Informal,2825,686.06,2138.94,1356.4,1468.6,104.17,8,119799.26,48.01,12.27,39.6,Mixed/Other,Manual Sorting,Q3,24.29,75.71,88.32
EW101063,2024-08-01,2024,8,Aug,Bhopal,Madhya Pradesh,Television,Informal Collector,Informal,3284,641.19,2642.81,958.17,2325.83,232.72,10,86516.81,29.18,12.41,35.99,Glass,Material Recovery,Q3,19.52,80.48,90.29
EW100925,2024-08-01,2024,8,Aug,Indore,Madhya Pradesh,Monitor,Producer Take-back,Formal,2446,2355.91,90.09,1895.41,550.59,190.47,5,314334.74,77.49,93.97,84.78,Aluminium,Repair & Reuse,Q3,96.32,3.68,165.84
EW101163,2024-08-01,2024,8,Aug,Indore,Madhya Pradesh,Laptop,Municipal Collection,Formal,3619,2717.02,901.98,3195.58,423.42,227.06,7,349538.8,88.3,92.73,96.77,Copper,Landfill/Disposal,Q3,75.08,24.92,109.38
EW100798,2024-08-01,2024,8,Aug,Mumbai,Maharashtra,Printer,Producer Take-back,Formal,185,168.08,16.92,172.22,12.78,9.89,1,19652.35,93.09,91.96,93.97,Copper,Refurbishment,Q3,90.85,9.15,114.11
EW100016,2024-08-01,2024,8,Aug,Nagpur,Maharashtra,Desktop/PC,Municipal Collection,Formal,2280,1644.6,635.4,1645.73,634.27,181.0,4,213178.23,72.18,80.38,92.09,Ferrous Metals,Landfill/Disposal,Q3,72.13,27.87,129.53
EW100075,2024-08-01,2024,8,Aug,Nagpur,Maharashtra,Tablet,Scrap Dealer,Informal,4540,273.37,4266.63,2266.97,2273.03,329.97,12,194899.11,49.93,21.51,51.72,Mixed/Other,Dismantling,Q3,6.02,93.98,85.97
EW100324,2024-08-01,2024,8,Aug,Nagpur,Maharashtra,Tablet,Informal Collector,Informal,1614,262.61,1351.39,648.81,965.19,136.61,4,45315.39,40.2,8.8,34.17,Precious Metals,Material Recovery,Q3,16.27,83.73,69.84
EW101059,2024-08-01,2024,8,Aug,Pune,Maharashtra,Small Appliance,Authorized Collection Center,Formal,2150,2056.07,93.93,1921.27,228.73,252.69,1,110752.96,89.36,77.53,91.4,Plastic,Repair & Reuse,Q3,95.63,4.37,57.65
EW100039,2024-08-01,2024,8,Aug,Jaipur,Rajasthan,Printer,Authorized Collection Center,Formal,1661,1228.83,432.17,1535.66,125.34,112.11,2,258421.46,92.45,76.99,96.04,Plastic,Manual Sorting,Q3,73.98,26.02,168.28
EW100283,2024-08-01,2024,8,Aug,Jaipur,Rajasthan,Laptop,Producer Take-back,Formal,4048,3284.21,763.79,2851.34,1196.66,298.55,9,116359.03,70.44,82.0,79.98,Non-ferrous Metals,Material Recovery,Q3,81.13,18.87,40.81
EW100813,2024-08-01,2024,8,Aug,Jaipur,Rajasthan,Laptop,Producer Take-back,Formal,3891,3636.82,254.18,3351.81,539.19,145.53,5,389141.41,86.14,79.5,85.76,Glass,Dismantling,Q3,93.47,6.53,116.1
EW100239,2024-08-01,2024,8,Aug,Chennai,Tamil Nadu,Mobile Phone,Informal Collector,Informal,4771,209.66,4561.34,2248.82,2522.18,418.64,18,200420.72,47.14,27.55,40.28,Mixed/Other,Landfill/Disposal,Q3,4.39,95.61,89.12
EW100373,2024-08-01,2024,8,Aug,Chennai,Tamil Nadu,Television,Scrap Dealer,Informal,2239,457.46,1781.54,1449.78,789.22,130.57,8,228233.03,64.75,41.63,52.31,Precious Metals,Material Recovery,Q3,20.43,79.57,157.43
EW100128,2024-08-01,2024,8,Aug,Hyderabad,Telangana,Monitor,Producer Take-back,Formal,365,312.24,52.76,307.38,57.62,13.88,1,16450.41,84.21,94.83,93.77,Non-ferrous Metals,Manual Sorting,Q3,85.55,14.45,53.52
EW100438,2024-08-01,2024,8,Aug,Hyderabad,Telangana,Tablet,Retailer,Formal,684,589.67,94.33,481.37,202.63,67.1,1,29871.45,70.38,79.52,79.42,Aluminium,Refurbishment,Q3,86.21,13.79,62.06
EW100902,2024-08-01,2024,8,Aug,Hyderabad,Telangana,Laptop,Producer Take-back,Formal,184,144.62,39.38,166.73,17.27,12.67,1,12203.54,90.61,75.09,86.89,Precious Metals,Manual Sorting,Q3,78.6,21.4,73.19
EW100503,2024-08-01,2024,8,Aug,Lucknow,Uttar Pradesh,Refrigerator,Informal Collector,Informal,1989,290.19,1698.81,547.85,1441.15,158.43,8,98362.95,27.54,22.21,34.41,Aluminium,Landfill/Disposal,Q3,14.59,85.41,179.54
EW101057,2024-08-01,2024,8,Aug,Lucknow,Uttar Pradesh,Refrigerator,Informal Collector,Informal,1734,228.11,1505.89,590.79,1143.21,123.17,8,93530.9,34.07,10.81,21.34,Plastic,Material Recovery,Q3,13.16,86.84,158.31
EW100706,2024-08-01,2024,8,Aug,Kolkata,West Bengal,Printer,Authorized Collection Center,Formal,1184,1068.71,115.29,1000.32,183.68,140.44,1,97342.9,84.49,85.2,85.01,Ferrous Metals,Material Recovery,Q3,90.26,9.74,97.31
EW100875,2024-09-01,2024,9,Sep,Guwahati,Assam,Desktop/PC,Retailer,Formal,385,287.4,97.6,311.21,73.79,35.69,1,24281.32,80.83,95.21,75.25,Precious Metals,Dismantling,Q3,74.65,25.35,78.02
EW101154,2024-09-01,2024,9,Sep,Ahmedabad,Gujarat,Small Appliance,Retailer,Formal,3593,3269.43,323.57,3345.15,247.85,369.49,8,185280.73,93.1,76.71,88.38,Non-ferrous Metals,Manual Sorting,Q3,90.99,9.01,55.39
EW100270,2024-09-01,2024,9,Sep,Surat,Gujarat,Television,Informal Collector,Informal,2984,562.92,2421.08,1074.58,1909.42,131.47,11,130990.51,36.01,12.17,51.73,Aluminium,Dismantling,Q3,18.86,81.14,121.9
EW100394,2024-09-01,2024,9,Sep,Surat,Gujarat,Desktop/PC,Municipal Collection,Formal,4310,3425.8,884.2,3742.89,567.11,453.75,9,302499.19,86.84,95.45,75.98,Aluminium,Refurbishment,Q3,79.48,20.52,80.82
EW101133,2024-09-01,2024,9,Sep,Mysuru,Karnataka,Mobile Phone,Informal Collector,Informal,2224,413.46,1810.54,1079.13,1144.87,112.64,8,90166.09,48.52,41.78,49.42,Precious Metals,Landfill/Disposal,Q3,18.59,81.41,83.55
EW100293,2024-09-01,2024,9,Sep,Kochi,Kerala,Monitor,Authorized Collection Center,Formal,2124,1822.77,301.23,1603.33,520.67,157.93,2,194695.98,75.49,85.41,78.95,Ferrous Metals,Dismantling,Q3,85.82,14.18,121.43
EW100017,2024-09-01,2024,9,Sep,Bhopal,Madhya Pradesh,Printer,Informal Collector,Informal,1298,247.89,1050.11,619.57,678.43,49.88,3,45509.8,47.73,14.76,63.79,Copper,Material Recovery,Q3,19.1,80.9,73.45
EW100248,2024-09-01,2024,9,Sep,Bhopal,Madhya Pradesh,Television,Scrap Dealer,Informal,2148,460.02,1687.98,1156.11,991.89,224.22,6,175552.35,53.82,5.32,61.61,Plastic,Dismantling,Q3,21.42,78.58,151.85
EW100897,2024-09-01,2024,9,Sep,Bhopal,Madhya Pradesh,Mobile Phone,Producer Take-back,Formal,240,179.77,60.23,191.82,48.18,22.26,1,15722.52,79.92,87.34,96.11,Aluminium,Dismantling,Q3,74.9,25.1,81.96
EW101165,2024-09-01,2024,9,Sep,Bhopal,Madhya Pradesh,Monitor,Retailer,Formal,2703,2033.6,669.4,2080.53,622.47,114.55,6,87657.93,76.97,85.59,85.85,Copper,Repair & Reuse,Q3,75.23,24.77,42.13
EW100811,2024-09-01,2024,9,Sep,Indore,Madhya Pradesh,Mobile Phone,Authorized Collection Center,Formal,1316,1244.63,71.37,1200.51,115.49,144.46,2,154539.51,91.22,88.09,76.23,Non-ferrous Metals,Material Recovery,Q3,94.58,5.42,128.73
EW101078,2024-09-01,2024,9,Sep,Indore,Madhya Pradesh,Laptop,Informal Collector,Informal,1330,38.61,1291.39,581.87,748.13,87.62,2,78378.67,43.75,44.72,37.8,Non-ferrous Metals,Material Recovery,Q3,2.9,97.1,134.7
EW100878,2024-09-01,2024,9,Sep,Mumbai,Maharashtra,Desktop/PC,Scrap Dealer,Informal,3031,277.05,2753.95,1088.83,1942.17,173.48,11,107313.57,35.92,34.07,60.27,Plastic,Manual Sorting,Q3,9.14,90.86,98.56
EW101127,2024-09-01,2024,9,Sep,Mumbai,Maharashtra,Television,Municipal Collection,Formal,1582,1357.87,224.13,1244.79,337.21,133.18,2,51289.74,78.68,99.0,83.73,Ferrous Metals,Landfill/Disposal,Q3,85.83,14.17,41.2
EW101003,2024-09-01,2024,9,Sep,Nagpur,Maharashtra,Monitor,Retailer,Formal,4248,3673.56,574.44,3077.83,1170.17,496.58,7,354768.88,72.45,96.77,89.99,Non-ferrous Metals,Dismantling,Q3,86.48,13.52,115.27
EW100651,2024-09-01,2024,9,Sep,Nashik,Maharashtra,Small Appliance,Authorized Collection Center,Formal,1980,1717.13,262.87,1551.5,428.5,110.11,2,129742.42,78.36,89.59,88.82,Mixed/Other,Repair & Reuse,Q3,86.72,13.28,83.62
EW100703,2024-09-01,2024,9,Sep,Jaipur,Rajasthan,Small Appliance,Authorized Collection Center,Formal,1161,850.21,310.79,801.93,359.07,61.04,2,127154.37,69.07,88.42,87.77,Ferrous Metals,Repair & Reuse,Q3,73.23,26.77,158.56
EW101110,2024-09-01,2024,9,Sep,Chennai,Tamil Nadu,Refrigerator,Producer Take-back,Formal,3333,3204.47,128.53,3112.13,220.87,381.69,4,338965.82,93.37,79.21,94.35,Precious Metals,Repair & Reuse,Q3,96.14,3.86,108.92
EW100193,2024-09-01,2024,9,Sep,Hyderabad,Telangana,Mobile Phone,Retailer,Formal,2291,2189.75,101.25,1636.73,654.27,191.0,4,141170.83,71.44,86.0,75.91,Aluminium,Material Recovery,Q3,95.58,4.42,86.25
EW100229,2024-09-01,2024,9,Sep,Hyderabad,Telangana,Air Conditioner,Authorized Collection Center,Formal,1902,1742.22,159.78,1303.58,598.42,103.11,3,96442.65,68.54,90.08,86.56,Ferrous Metals,Repair & Reuse,Q3,91.6,8.4,73.98
EW100723,2024-09-01,2024,9,Sep,Lucknow,Uttar Pradesh,Laptop,Authorized Collection Center,Formal,4454,3494.69,959.31,3380.94,1073.06,442.61,6,237066.4,75.91,79.06,93.6,Aluminium,Repair & Reuse,Q3,78.46,21.54,70.12
EW101174,2024-09-01,2024,9,Sep,Lucknow,Uttar Pradesh,Printer,Authorized Collection Center,Formal,2195,1660.32,534.68,1875.38,319.62,112.54,3,70223.81,85.44,78.64,77.21,Copper,Repair & Reuse,Q3,75.64,24.36,37.45
EW100150,2024-09-01,2024,9,Sep,Kolkata,West Bengal,Refrigerator,Producer Take-back,Formal,1160,952.12,207.88,910.14,249.86,126.07,1,127323.1,78.46,77.5,80.41,Glass,Repair & Reuse,Q3,82.08,17.92,139.89
EW100155,2024-09-01,2024,9,Sep,Kolkata,West Bengal,Small Appliance,Informal Collector,Informal,1705,69.83,1635.17,922.7,782.3,127.33,5,129897.15,54.12,35.62,27.15,Glass,Repair & Reuse,Q3,4.1,95.9,140.78
EW100839,2024-09-01,2024,9,Sep,Kolkata,West Bengal,Refrigerator,Informal Collector,Informal,4639,278.62,4360.38,2359.46,2279.54,215.43,19,198590.38,50.86,33.4,22.15,Copper,Refurbishment,Q3,6.01,93.99,84.17
EW100347,2024-10-01,2024,10,Oct,Guwahati,Assam,Monitor,Producer Take-back,Formal,2059,1792.1,266.9,1845.85,213.15,210.79,4,80561.24,89.65,91.61,78.36,Plastic,Landfill/Disposal,Q4,87.04,12.96,43.64
EW100595,2024-10-01,2024,10,Oct,Guwahati,Assam,Desktop/PC,Authorized Collection Center,Formal,4897,4673.24,223.76,4285.73,611.27,362.25,8,352326.45,87.52,98.61,91.02,Precious Metals,Landfill/Disposal,Q4,95.43,4.57,82.21
EW100605,2024-10-01,2024,10,Oct,Guwahati,Assam,Tablet,Authorized Collection Center,Formal,606,449.07,156.93,503.02,102.98,69.24,1,89272.79,83.01,87.67,93.91,Plastic,Refurbishment,Q4,74.1,25.9,177.47
EW100816,2024-10-01,2024,10,Oct,Guwahati,Assam,Refrigerator,Producer Take-back,Formal,1448,1165.76,282.24,1093.72,354.28,78.56,1,130504.82,75.53,79.04,85.19,Copper,Landfill/Disposal,Q4,80.51,19.49,119.32
EW100933,2024-10-01,2024,10,Oct,Guwahati,Assam,Printer,Authorized Collection Center,Formal,3826,3594.66,231.34,3442.17,383.83,228.15,3,472336.52,89.97,83.64,76.09,Copper,Manual Sorting,Q4,93.95,6.05,137.22
EW100340,2024-10-01,2024,10,Oct,Delhi,Delhi,Refrigerator,Scrap Dealer,Informal,559,132.86,426.14,261.16,297.84,35.58,2,9608.09,46.72,10.72,53.4,Copper,Material Recovery,Q4,23.77,76.23,36.79
EW100466,2024-10-01,2024,10,Oct,Delhi,Delhi,Laptop,Municipal Collection,Formal,690,598.6,91.4,536.84,153.16,80.62,1,49899.05,77.8,98.59,87.88,Plastic,Refurbishment,Q4,86.75,13.25,92.95
EW100699,2024-10-01,2024,10,Oct,Delhi,Delhi,Small Appliance,Producer Take-back,Formal,3615,2977.41,637.59,2618.11,996.89,356.33,7,423851.76,72.42,75.64,88.49,Mixed/Other,Dismantling,Q4,82.36,17.64,161.89
EW100893,2024-10-01,2024,10,Oct,Delhi,Delhi,Laptop,Retailer,Formal,909,785.46,123.54,784.82,124.18,61.42,1,72218.28,86.34,94.83,81.42,Precious Metals,Refurbishment,Q4,86.41,13.59,92.02
EW100247,2024-10-01,2024,10,Oct,Ahmedabad,Gujarat,Refrigerator,Authorized Collection Center,Formal,4431,3659.94,771.06,3554.0,877.0,144.22,5,269217.48,80.21,92.11,75.28,Ferrous Metals,Refurbishment,Q4,82.6,17.4,75.75
EW100492,2024-10-01,2024,10,Oct,Ahmedabad,Gujarat,Printer,Authorized Collection Center,Formal,2802,2584.16,217.84,2183.92,618.08,195.81,4,192762.27,77.94,87.62,94.41,Ferrous Metals,Refurbishment,Q4,92.23,7.77,88.26
EW100502,2024-10-01,2024,10,Oct,Ahmedabad,Gujarat,Laptop,Informal Collector,Informal,1604,355.14,1248.86,761.67,842.33,127.91,3,40589.47,47.49,26.18,32.1,Mixed/Other,Material Recovery,Q4,22.14,77.86,53.29
EW100566,2024-10-01,2024,10,Oct,Ahmedabad,Gujarat,Laptop,Informal Collector,Informal,3827,1053.78,2773.22,2461.56,1365.44,433.4,16,202433.61,64.32,37.68,38.4,Aluminium,Landfill/Disposal,Q4,27.54,72.46,82.24
EW100597,2024-10-01,2024,10,Oct,Ahmedabad,Gujarat,Monitor,Scrap Dealer,Informal,3931,810.75,3120.25,2035.29,1895.71,286.68,14,82556.37,51.78,29.86,55.0,Ferrous Metals,Landfill/Disposal,Q4,20.62,79.38,40.56
EW100844,2024-10-01,2024,10,Oct,Ahmedabad,Gujarat,Air Conditioner,Authorized Collection Center,Formal,2244,1733.36,510.64,1776.65,467.35,167.1,2,308111.09,79.17,78.09,91.74,Aluminium,Refurbishment,Q4,77.24,22.76,173.42
EW100161,2024-10-01,2024,10,Oct,Surat,Gujarat,Mobile Phone,Informal Collector,Informal,4746,661.6,4084.4,1285.13,3460.87,478.23,10,93172.27,27.08,11.59,34.86,Aluminium,Repair & Reuse,Q4,13.94,86.06,72.5
EW100126,2024-10-01,2024,10,Oct,Bengaluru,Karnataka,Mobile Phone,Retailer,Formal,2741,2371.03,369.97,2384.59,356.41,196.99,2,277882.98,87.0,97.98,79.21,Precious Metals,Refurbishment,Q4,86.5,13.5,116.53
EW101062,2024-10-01,2024,10,Oct,Mysuru,Karnataka,Monitor,Informal Collector,Informal,679,20.72,658.28,412.23,266.77,81.38,1,21623.88,60.71,10.74,49.75,Mixed/Other,Repair & Reuse,Q4,3.05,96.95,52.46
EW100160,2024-10-01,2024,10,Oct,Kochi,Kerala,Television,Authorized Collection Center,Formal,4373,4111.49,261.51,3460.98,912.02,186.67,8,229577.88,79.14,77.34,95.69,Plastic,Manual Sorting,Q4,94.02,5.98,66.33
EW100210,2024-10-01,2024,10,Oct,Kochi,Kerala,Mobile Phone,Retailer,Formal,466,384.5,81.5,381.21,84.79,38.94,1,38995.26,81.8,98.12,87.46,Aluminium,Refurbishment,Q4,82.51,17.49,102.29
EW100752,2024-10-01,2024,10,Oct,Kochi,Kerala,Mobile Phone,Retailer,Formal,143,128.81,14.19,101.17,41.83,12.85,1,6459.04,70.75,97.47,75.44,Plastic,Dismantling,Q4,90.08,9.92,63.84
EW100885,2024-10-01,2024,10,Oct,Bhopal,Madhya Pradesh,Tablet,Producer Take-back,Formal,2768,2076.03,691.97,2197.41,570.59,292.92,5,307739.5,79.39,79.45,98.14,Precious Metals,Material Recovery,Q4,75.0,25.0,140.05
EW101014,2024-10-01,2024,10,Oct,Bhopal,Madhya Pradesh,Monitor,Informal Collector,Informal,471,99.45,371.55,158.41,312.59,50.02,1,6374.9,33.63,17.86,54.36,Precious Metals,Landfill/Disposal,Q4,21.11,78.89,40.24
EW100162,2024-10-01,2024,10,Oct,Indore,Madhya Pradesh,Laptop,Municipal Collection,Formal,1829,1393.74,435.26,1365.22,463.78,210.7,3,196394.4,74.64,88.39,88.26,Mixed/Other,Landfill/Disposal,Q4,76.2,23.8,143.86
EW100313,2024-10-01,2024,10,Oct,Indore,Madhya Pradesh,Laptop,Authorized Collection Center,Formal,3486,3258.63,227.37,2980.54,505.46,363.21,5,171875.92,85.5,92.71,83.65,Non-ferrous Metals,Repair & Reuse,Q4,93.48,6.52,57.67
EW100649,2024-10-01,2024,10,Oct,Indore,Madhya Pradesh,Mobile Phone,Informal Collector,Informal,741,49.23,691.77,285.36,455.64,50.14,2,29714.18,38.51,15.83,21.31,Non-ferrous Metals,Material Recovery,Q4,6.64,93.36,104.13
EW100556,2024-10-01,2024,10,Oct,Mumbai,Maharashtra,Mobile Phone,Producer Take-back,Formal,3002,2748.65,253.35,2752.88,249.12,239.77,5,401299.45,91.7,75.12,97.03,Copper,Refurbishment,Q4,91.56,8.44,145.77
EW100685,2024-10-01,2024,10,Oct,Mumbai,Maharashtra,Mobile Phone,Producer Take-back,Formal,3032,2317.17,714.83,2262.56,769.44,162.79,5,214161.8,74.62,97.75,78.03,Non-ferrous Metals,Manual Sorting,Q4,76.42,23.58,94.65
EW100906,2024-10-01,2024,10,Oct,Nagpur,Maharashtra,Mobile Phone,Scrap Dealer,Informal,2091,171.75,1919.25,695.48,1395.52,245.24,3,103583.33,33.26,17.85,21.69,Non-ferrous Metals,Refurbishment,Q4,8.21,91.79,148.94
EW101082,2024-10-01,2024,10,Oct,Nagpur,Maharashtra,Television,Retailer,Formal,1518,1133.81,384.19,1132.29,385.71,171.09,2,41837.56,74.59,79.91,91.39,Non-ferrous Metals,Manual Sorting,Q4,74.69,25.31,36.95
EW100463,2024-10-01,2024,10,Oct,Nashik,Maharashtra,Small Appliance,Scrap Dealer,Informal,108,8.87,99.13,39.15,68.85,7.24,1,1481.86,36.25,40.18,63.45,Mixed/Other,Material Recovery,Q4,8.21,91.79,37.85
EW100615,2024-10-01,2024,10,Oct,Nashik,Maharashtra,Desktop/PC,Retailer,Formal,3546,2639.62,906.38,2883.86,662.14,286.44,5,406975.26,81.33,84.21,97.68,Copper,Landfill/Disposal,Q4,74.44,25.56,141.12
EW100632,2024-10-01,2024,10,Oct,Jaipur,Rajasthan,Television,Informal Collector,Informal,1365,75.03,1289.97,516.07,848.93,153.17,4,74053.13,37.81,9.54,31.14,Non-ferrous Metals,Dismantling,Q4,5.5,94.5,143.49
EW101101,2024-10-01,2024,10,Oct,Jaipur,Rajasthan,Desktop/PC,Authorized Collection Center,Formal,373,271.62,101.38,317.89,55.11,23.65,1,27546.98,85.22,91.17,92.5,Non-ferrous Metals,Refurbishment,Q4,72.82,27.18,86.66
EW101113,2024-10-01,2024,10,Oct,Jaipur,Rajasthan,Mobile Phone,Producer Take-back,Formal,1776,1598.34,177.66,1441.44,334.56,139.33,3,102138.73,81.16,80.56,97.8,Precious Metals,Refurbishment,Q4,90.0,10.0,70.86
EW100121,2024-10-01,2024,10,Oct,Chennai,Tamil Nadu,Monitor,Informal Collector,Informal,2505,285.07,2219.93,1533.95,971.05,248.73,8,110549.72,61.24,17.08,52.94,Glass,Repair & Reuse,Q4,11.38,88.62,72.07
EW100175,2024-10-01,2024,10,Oct,Chennai,Tamil Nadu,Small Appliance,Informal Collector,Informal,2604,619.54,1984.46,948.16,1655.84,178.7,6,141681.72,36.41,27.93,49.65,Mixed/Other,Repair & Reuse,Q4,23.79,76.21,149.43
EW100842,2024-10-01,2024,10,Oct,Chennai,Tamil Nadu,Desktop/PC,Scrap Dealer,Informal,4378,852.1,3525.9,1438.05,2939.95,395.91,10,54201.54,32.85,32.97,49.02,Copper,Landfill/Disposal,Q4,19.46,80.54,37.69
EW100989,2024-10-01,2024,10,Oct,Lucknow,Uttar Pradesh,Laptop,Scrap Dealer,Informal,4133,871.47,3261.53,1884.56,2248.44,426.77,16,234035.4,45.6,11.03,57.62,Non-ferrous Metals,Repair & Reuse,Q4,21.09,78.91,124.19
EW101137,2024-10-01,2024,10,Oct,Lucknow,Uttar Pradesh,Television,Retailer,Formal,563,457.32,105.68,526.67,36.33,26.05,1,25283.31,93.55,92.61,98.87,Non-ferrous Metals,Repair & Reuse,Q4,81.23,18.77,48.01
EW100424,2024-10-01,2024,10,Oct,Kolkata,West Bengal,Mobile Phone,Authorized Collection Center,Formal,3244,2629.05,614.95,2729.05,514.95,256.38,3,210165.73,84.13,80.73,80.13,Copper,Dismantling,Q4,81.04,18.96,77.01
EW100079,2024-11-01,2024,11,Nov,Guwahati,Assam,Printer,Authorized Collection Center,Formal,3122,2506.86,615.14,2795.81,326.19,104.06,5,191097.01,89.55,77.89,76.85,Copper,Material Recovery,Q4,80.3,19.7,68.35
EW100331,2024-11-01,2024,11,Nov,Guwahati,Assam,Refrigerator,Municipal Collection,Formal,4713,4392.99,320.01,3776.76,936.24,173.93,5,165649.33,80.13,86.98,77.55,Aluminium,Landfill/Disposal,Q4,93.21,6.79,43.86
EW100586,2024-11-01,2024,11,Nov,Guwahati,Assam,Monitor,Producer Take-back,Formal,4187,3829.32,357.68,3700.56,486.44,247.93,8,482476.74,88.38,98.02,97.35,Copper,Material Recovery,Q4,91.46,8.54,130.38
EW100645,2024-11-01,2024,11,Nov,Guwahati,Assam,Laptop,Producer Take-back,Formal,3087,2912.78,174.22,2301.27,785.73,365.17,5,345335.53,74.55,77.05,79.4,Non-ferrous Metals,Repair & Reuse,Q4,94.36,5.64,150.06
EW100072,2024-11-01,2024,11,Nov,Delhi,Delhi,Mobile Phone,Municipal Collection,Formal,4004,3731.38,272.62,3241.25,762.75,144.33,5,347243.18,80.95,92.28,77.56,Aluminium,Manual Sorting,Q4,93.19,6.81,107.13
EW100206,2024-11-01,2024,11,Nov,Ahmedabad,Gujarat,Air Conditioner,Municipal Collection,Formal,602,582.25,19.75,519.32,82.68,34.21,1,77048.87,86.27,90.46,76.16,Copper,Landfill/Disposal,Q4,96.72,3.28,148.36
EW100349,2024-11-01,2024,11,Nov,Ahmedabad,Gujarat,Printer,Informal Collector,Informal,570,63.25,506.75,198.09,371.91,50.75,1,15980.96,34.75,13.98,23.11,Precious Metals,Material Recovery,Q4,11.1,88.9,80.68
EW100918,2024-11-01,2024,11,Nov,Ahmedabad,Gujarat,Refrigerator,Producer Take-back,Formal,4840,4282.69,557.31,3614.59,1225.41,167.93,3,138124.85,74.68,75.2,77.65,Aluminium,Dismantling,Q4,88.49,11.51,38.21
EW100668,2024-11-01,2024,11,Nov,Surat,Gujarat,Mobile Phone,Municipal Collection,Formal,4012,2983.6,1028.4,3404.32,607.68,269.56,5,454595.92,84.85,76.61,89.25,Plastic,Manual Sorting,Q4,74.37,25.63,133.54
EW100416,2024-11-01,2024,11,Nov,Bengaluru,Karnataka,Desktop/PC,Informal Collector,Informal,2328,50.3,2277.7,1336.91,991.09,268.54,4,78088.71,57.43,43.43,44.19,Ferrous Metals,Material Recovery,Q4,2.16,97.84,58.41
EW100869,2024-11-01,2024,11,Nov,Bengaluru,Karnataka,Small Appliance,Authorized Collection Center,Formal,2255,1673.02,581.98,1896.92,358.08,97.56,2,70305.89,84.12,93.77,94.5,Mixed/Other,Repair & Reuse,Q4,74.19,25.81,37.06
EW100936,2024-11-01,2024,11,Nov,Bengaluru,Karnataka,Printer,Retailer,Formal,4363,4215.38,147.62,3080.78,1282.22,191.99,10,124705.91,70.61,98.46,75.11,Mixed/Other,Dismantling,Q4,96.62,3.38,40.48
EW100998,2024-11-01,2024,11,Nov,Bengaluru,Karnataka,Mobile Phone,Retailer,Formal,1220,969.55,250.45,1017.54,202.46,69.3,1,35986.71,83.4,77.43,94.01,Precious Metals,Repair & Reuse,Q4,79.47,20.53,35.37
EW101031,2024-11-01,2024,11,Nov,Bengaluru,Karnataka,Refrigerator,Authorized Collection Center,Formal,2669,1938.8,730.2,2283.55,385.45,304.06,3,309597.52,85.56,98.4,98.09,Ferrous Metals,Manual Sorting,Q4,72.64,27.36,135.58
EW101135,2024-11-01,2024,11,Nov,Bengaluru,Karnataka,Desktop/PC,Retailer,Formal,3143,2313.6,829.4,2519.92,623.08,328.41,4,142672.64,80.18,98.64,96.34,Mixed/Other,Refurbishment,Q4,73.61,26.39,56.62
EW100767,2024-11-01,2024,11,Nov,Mysuru,Karnataka,Refrigerator,Retailer,Formal,3001,2436.16,564.84,2537.22,463.78,292.94,5,161796.92,84.55,86.86,94.0,Non-ferrous Metals,Dismantling,Q4,81.18,18.82,63.77
EW100922,2024-11-01,2024,11,Nov,Mysuru,Karnataka,Monitor,Retailer,Formal,4867,3808.62,1058.38,3961.94,905.06,395.56,5,573334.05,81.4,82.43,97.13,Aluminium,Material Recovery,Q4,78.25,21.75,144.71
EW100071,2024-11-01,2024,11,Nov,Kochi,Kerala,Television,Informal Collector,Informal,4696,755.23,3940.77,2363.93,2332.07,249.87,9,368925.76,50.34,44.38,43.66,Copper,Dismantling,Q4,16.08,83.92,156.06
EW100085,2024-11-01,2024,11,Nov,Kochi,Kerala,Television,Informal Collector,Informal,1676,146.92,1529.08,764.42,911.58,124.37,8,126227.7,45.61,23.54,48.03,Copper,Refurbishment,Q4,8.77,91.23,165.13
EW100311,2024-11-01,2024,11,Nov,Bhopal,Madhya Pradesh,Desktop/PC,Informal Collector,Informal,3275,711.86,2563.14,1771.81,1503.19,241.02,12,204025.26,54.1,13.65,29.39,Copper,Material Recovery,Q4,21.74,78.26,115.15
EW100625,2024-11-01,2024,11,Nov,Bhopal,Madhya Pradesh,Monitor,Authorized Collection Center,Formal,1002,736.16,265.84,856.65,145.35,106.09,1,94838.54,85.49,84.64,82.21,Aluminium,Landfill/Disposal,Q4,73.47,26.53,110.71
EW100700,2024-11-01,2024,11,Nov,Indore,Madhya Pradesh,Television,Retailer,Formal,2377,2301.09,75.91,2095.42,281.58,243.23,4,130090.72,88.15,85.21,88.19,Glass,Manual Sorting,Q4,96.81,3.19,62.08
EW100724,2024-11-01,2024,11,Nov,Indore,Madhya Pradesh,Television,Producer Take-back,Formal,1055,969.53,85.47,933.09,121.91,85.45,2,75704.86,88.44,80.27,91.26,Precious Metals,Landfill/Disposal,Q4,91.9,8.1,81.13
EW100031,2024-11-01,2024,11,Nov,Nagpur,Maharashtra,Mobile Phone,Municipal Collection,Formal,675,631.04,43.96,515.17,159.83,74.65,1,18840.47,76.32,96.73,77.19,Precious Metals,Repair & Reuse,Q4,93.49,6.51,36.57
EW100650,2024-11-01,2024,11,Nov,Nagpur,Maharashtra,Tablet,Scrap Dealer,Informal,1595,56.46,1538.54,465.99,1129.01,74.36,4,53036.21,29.22,33.47,29.49,Copper,Repair & Reuse,Q4,3.54,96.46,113.81
EW100708,2024-11-01,2024,11,Nov,Nagpur,Maharashtra,Small Appliance,Scrap Dealer,Informal,783,166.68,616.32,426.58,356.42,36.04,3,32009.16,54.48,42.21,36.41,Precious Metals,Dismantling,Q4,21.29,78.71,75.04
EW101177,2024-11-01,2024,11,Nov,Nagpur,Maharashtra,Mobile Phone,Informal Collector,Informal,1676,93.17,1582.83,1046.41,629.59,194.43,7,164664.22,62.44,8.95,64.7,Copper,Refurbishment,Q4,5.56,94.44,157.36
EW100520,2024-11-01,2024,11,Nov,Nashik,Maharashtra,Desktop/PC,Scrap Dealer,Informal,3233,730.98,2502.02,1169.24,2063.76,285.06,14,47983.69,36.17,38.23,45.71,Mixed/Other,Manual Sorting,Q4,22.61,77.39,41.04
EW100552,2024-11-01,2024,11,Nov,Nashik,Maharashtra,Small Appliance,Authorized Collection Center,Formal,1424,1046.86,377.14,1309.37,114.63,154.79,2,47536.47,91.95,81.19,84.76,Copper,Repair & Reuse,Q4,73.52,26.48,36.3
EW100931,2024-11-01,2024,11,Nov,Nashik,Maharashtra,Mobile Phone,Scrap Dealer,Informal,519,125.98,393.02,252.98,266.02,39.77,2,38772.23,48.74,32.44,39.8,Plastic,Manual Sorting,Q4,24.27,75.73,153.26
EW101197,2024-11-01,2024,11,Nov,Nashik,Maharashtra,Mobile Phone,Scrap Dealer,Informal,1863,48.0,1815.0,590.25,1272.75,219.23,6,59229.99,31.68,8.15,50.13,Non-ferrous Metals,Repair & Reuse,Q4,2.58,97.42,100.35
EW100115,2024-11-01,2024,11,Nov,Jaipur,Rajasthan,Monitor,Authorized Collection Center,Formal,901,800.77,100.23,689.61,211.39,78.13,1,80476.15,76.54,84.13,88.16,Ferrous Metals,Refurbishment,Q4,88.88,11.12,116.7
EW100140,2024-11-01,2024,11,Nov,Jaipur,Rajasthan,Mobile Phone,Scrap Dealer,Informal,2228,72.27,2155.73,590.89,1637.11,216.47,8,89406.19,26.52,9.21,21.6,Glass,Manual Sorting,Q4,3.24,96.76,151.31
EW100249,2024-11-01,2024,11,Nov,Jaipur,Rajasthan,Laptop,Municipal Collection,Formal,4015,3711.68,303.32,3390.17,624.83,255.42,5,232594.95,84.44,82.65,96.69,Aluminium,Material Recovery,Q4,92.45,7.55,68.61
EW100251,2024-11-01,2024,11,Nov,Jaipur,Rajasthan,Mobile Phone,Authorized Collection Center,Formal,4625,3969.6,655.4,4094.29,530.71,262.29,7,348253.71,88.53,84.94,92.58,Plastic,Landfill/Disposal,Q4,85.83,14.17,85.06
EW100377,2024-11-01,2024,11,Nov,Jaipur,Rajasthan,Small Appliance,Municipal Collection,Formal,627,480.64,146.36,490.3,136.7,72.29,1,71441.42,78.2,77.61,98.55,Precious Metals,Landfill/Disposal,Q4,76.66,23.34,145.71
EW100516,2024-11-01,2024,11,Nov,Jaipur,Rajasthan,Mobile Phone,Informal Collector,Informal,513,107.43,405.57,169.22,343.78,32.53,1,23723.75,32.99,9.53,38.29,Aluminium,Material Recovery,Q4,20.94,79.06,140.19
EW100881,2024-11-01,2024,11,Nov,Jaipur,Rajasthan,Mobile Phone,Retailer,Formal,3008,2407.26,600.74,2366.22,641.78,184.36,3,96162.96,78.66,92.39,90.48,Aluminium,Repair & Reuse,Q4,80.03,19.97,40.64
EW101151,2024-11-01,2024,11,Nov,Jaipur,Rajasthan,Refrigerator,Municipal Collection,Formal,298,245.95,52.05,274.4,23.6,18.41,1,48658.3,92.08,79.78,76.57,Precious Metals,Manual Sorting,Q4,82.53,17.47,177.33
EW100213,2024-11-01,2024,11,Nov,Hyderabad,Telangana,Laptop,Authorized Collection Center,Formal,4791,3531.35,1259.65,3542.18,1248.82,250.06,7,507876.31,73.93,86.37,76.39,Non-ferrous Metals,Refurbishment,Q4,73.71,26.29,143.38
EW101092,2024-11-01,2024,11,Nov,Hyderabad,Telangana,Monitor,Municipal Collection,Formal,837,809.71,27.29,726.85,110.15,85.37,2,123627.09,86.84,92.69,91.66,Ferrous Metals,Dismantling,Q4,96.74,3.26,170.09
EW100357,2024-11-01,2024,11,Nov,Lucknow,Uttar Pradesh,Desktop/PC,Municipal Collection,Formal,814,732.46,81.54,757.89,56.11,53.25,1,100342.67,93.11,92.5,88.8,Non-ferrous Metals,Landfill/Disposal,Q4,89.98,10.02,132.4
EW100596,2024-11-01,2024,11,Nov,Kolkata,West Bengal,Television,Producer Take-back,Formal,774,610.14,163.86,559.47,214.53,71.23,1,35818.45,72.28,82.67,89.2,Mixed/Other,Dismantling,Q4,78.83,21.17,64.02
EW100672,2024-11-01,2024,11,Nov,Kolkata,West Bengal,Tablet,Retailer,Formal,4574,3387.85,1186.15,3690.71,883.29,200.95,6,305403.94,80.69,85.16,88.72,Plastic,Landfill/Disposal,Q4,74.07,25.93,82.75
EW100105,2024-12-01,2024,12,Dec,Guwahati,Assam,Tablet,Informal Collector,Informal,1353,282.19,1070.81,601.64,751.36,146.95,6,57846.95,44.47,16.07,46.66,Aluminium,Manual Sorting,Q4,20.86,79.14,96.15
EW100045,2024-12-01,2024,12,Dec,Delhi,Delhi,Small Appliance,Informal Collector,Informal,4380,325.76,4054.24,2110.55,2269.45,266.04,14,214679.06,48.19,28.39,38.01,Mixed/Other,Repair & Reuse,Q4,7.44,92.56,101.72
EW100325,2024-12-01,2024,12,Dec,Ahmedabad,Gujarat,Television,Municipal Collection,Formal,3683,3209.76,473.24,3282.45,400.55,218.86,4,306554.58,89.12,91.14,91.37,Copper,Material Recovery,Q4,87.15,12.85,93.39
EW100682,2024-12-01,2024,12,Dec,Ahmedabad,Gujarat,Mobile Phone,Scrap Dealer,Informal,1871,285.63,1585.37,1199.25,671.75,103.56,5,119876.73,64.1,9.83,39.18,Precious Metals,Repair & Reuse,Q4,15.27,84.73,99.96
EW100722,2024-12-01,2024,12,Dec,Ahmedabad,Gujarat,Mobile Phone,Informal Collector,Informal,746,148.75,597.25,286.39,459.61,69.08,2,39255.0,38.39,24.7,61.17,Glass,Manual Sorting,Q4,19.94,80.06,137.07
EW100728,2024-12-01,2024,12,Dec,Ahmedabad,Gujarat,Monitor,Producer Take-back,Formal,618,485.11,132.89,519.25,98.75,46.29,1,52985.94,84.02,76.78,98.46,Plastic,Dismantling,Q4,78.5,21.5,102.04
EW101097,2024-12-01,2024,12,Dec,Ahmedabad,Gujarat,Laptop,Scrap Dealer,Informal,1967,318.36,1648.64,633.25,1333.75,120.51,9,35578.23,32.19,30.3,46.68,Plastic,Repair & Reuse,Q4,16.19,83.81,56.18
EW100867,2024-12-01,2024,12,Dec,Surat,Gujarat,Desktop/PC,Municipal Collection,Formal,3636,2726.47,909.53,3376.77,259.23,229.59,6,135201.6,92.87,96.33,90.4,Ferrous Metals,Refurbishment,Q4,74.99,25.01,40.04
EW100920,2024-12-01,2024,12,Dec,Surat,Gujarat,Tablet,Informal Collector,Informal,4495,356.87,4138.13,1884.37,2610.63,477.21,17,266169.92,41.92,28.49,40.23,Mixed/Other,Material Recovery,Q4,7.94,92.06,141.25
EW100483,2024-12-01,2024,12,Dec,Bengaluru,Karnataka,Laptop,Authorized Collection Center,Formal,4039,3583.12,455.88,3568.51,470.49,461.95,7,205540.87,88.35,80.84,95.21,Ferrous Metals,Material Recovery,Q4,88.71,11.29,57.6
EW100969,2024-12-01,2024,12,Dec,Bengaluru,Karnataka,Tablet,Retailer,Formal,4813,4273.65,539.35,4506.67,306.33,165.64,11,525166.08,93.64,81.05,97.92,Precious Metals,Repair & Reuse,Q4,88.79,11.21,116.53
EW101198,2024-12-01,2024,12,Dec,Bengaluru,Karnataka,Television,Authorized Collection Center,Formal,414,393.57,20.43,286.82,127.18,17.5,1,45102.82,69.28,75.25,95.68,Aluminium,Manual Sorting,Q4,95.07,4.93,157.25
EW100064,2024-12-01,2024,12,Dec,Mysuru,Karnataka,Mobile Phone,Authorized Collection Center,Formal,4460,3884.45,575.55,3765.97,694.03,139.06,8,229028.5,84.44,98.07,78.57,Aluminium,Landfill/Disposal,Q4,87.1,12.9,60.82
EW100507,2024-12-01,2024,12,Dec,Mysuru,Karnataka,Laptop,Scrap Dealer,Informal,2454,100.16,2353.84,1079.22,1374.78,75.82,4,164156.06,43.98,35.86,61.18,Precious Metals,Material Recovery,Q4,4.08,95.92,152.11
EW100780,2024-12-01,2024,12,Dec,Mysuru,Karnataka,Laptop,Municipal Collection,Formal,4322,3795.3,526.7,3186.18,1135.82,316.07,8,261031.51,73.72,76.91,89.0,Ferrous Metals,Dismantling,Q4,87.81,12.19,81.93
EW100301,2024-12-01,2024,12,Dec,Kochi,Kerala,Tablet,Municipal Collection,Formal,2482,2016.06,465.94,1954.39,527.61,225.43,4,88271.29,78.74,84.49,79.36,Plastic,Repair & Reuse,Q4,81.23,18.77,45.17
EW100665,2024-12-01,2024,12,Dec,Kochi,Kerala,Mobile Phone,Informal Collector,Informal,3079,747.8,2331.2,829.35,2249.65,133.53,9,87158.38,26.94,15.54,36.04,Copper,Material Recovery,Q4,24.29,75.71,105.09
EW100757,2024-12-01,2024,12,Dec,Kochi,Kerala,Mobile Phone,Informal Collector,Informal,1534,368.32,1165.68,645.45,888.55,122.23,3,92175.21,42.08,26.28,56.41,Ferrous Metals,Manual Sorting,Q4,24.01,75.99,142.81
EW100966,2024-12-01,2024,12,Dec,Kochi,Kerala,Mobile Phone,Scrap Dealer,Informal,4835,953.88,3881.12,2255.18,2579.82,563.12,9,320228.02,46.64,10.13,37.18,Glass,Refurbishment,Q4,19.73,80.27,142.0
EW101008,2024-12-01,2024,12,Dec,Kochi,Kerala,Television,Scrap Dealer,Informal,2862,468.99,2393.01,800.07,2061.93,159.5,7,100127.56,27.95,7.6,43.86,Aluminium,Repair & Reuse,Q4,16.39,83.61,125.15
EW100330,2024-12-01,2024,12,Dec,Bhopal,Madhya Pradesh,Mobile Phone,Scrap Dealer,Informal,4293,424.08,3868.92,2733.01,1559.99,371.48,20,363586.0,63.66,17.29,36.65,Ferrous Metals,Manual Sorting,Q4,9.88,90.12,133.04
EW100470,2024-12-01,2024,12,Dec,Bhopal,Madhya Pradesh,Tablet,Authorized Collection Center,Formal,2817,2484.64,332.36,2176.35,640.65,284.52,3,277885.75,77.26,80.66,92.13,Mixed/Other,Dismantling,Q4,88.2,11.8,127.68
EW100508,2024-12-01,2024,12,Dec,Bhopal,Madhya Pradesh,Tablet,Authorized Collection Center,Formal,3994,3403.7,590.3,2957.77,1036.23,423.68,8,524148.33,74.06,78.74,80.42,Plastic,Manual Sorting,Q4,85.22,14.78,177.21
EW100571,2024-12-01,2024,12,Dec,Bhopal,Madhya Pradesh,Air Conditioner,Retailer,Formal,3239,3062.76,176.24,2398.37,840.63,274.32,4,156223.76,74.05,94.52,92.83,Copper,Dismantling,Q4,94.56,5.44,65.14
EW101103,2024-12-01,2024,12,Dec,Nashik,Maharashtra,Tablet,Scrap Dealer,Informal,3541,565.54,2975.46,1549.89,1991.11,269.18,13,202571.02,43.77,16.56,26.33,Ferrous Metals,Material Recovery,Q4,15.97,84.03,130.7
EW100151,2024-12-01,2024,12,Dec,Pune,Maharashtra,Refrigerator,Informal Collector,Informal,3339,783.04,2555.96,1500.22,1838.78,123.33,5,125215.22,44.93,36.4,51.85,Precious Metals,Repair & Reuse,Q4,23.45,76.55,83.46
EW100521,2024-12-01,2024,12,Dec,Pune,Maharashtra,Television,Informal Collector,Informal,3648,786.54,2861.46,937.75,2710.25,279.18,12,87330.49,25.71,16.9,50.68,Plastic,Repair & Reuse,Q4,21.56,78.44,93.13
EW100545,2024-12-01,2024,12,Dec,Pune,Maharashtra,Television,Scrap Dealer,Informal,3494,866.95,2627.05,929.8,2564.2,357.91,9,147763.14,26.61,37.09,35.69,Plastic,Landfill/Disposal,Q4,24.81,75.19,158.92
EW101114,2024-12-01,2024,12,Dec,Pune,Maharashtra,Printer,Informal Collector,Informal,1244,276.46,967.54,433.03,810.97,123.31,1,28796.58,34.81,7.61,55.11,Plastic,Dismantling,Q4,22.22,77.78,66.5
EW100099,2024-12-01,2024,12,Dec,Chennai,Tamil Nadu,Laptop,Municipal Collection,Formal,671,567.27,103.73,492.98,178.02,41.03,1,84535.52,73.47,76.74,87.82,Ferrous Metals,Manual Sorting,Q4,84.54,15.46,171.48
EW100382,2024-12-01,2024,12,Dec,Chennai,Tamil Nadu,Desktop/PC,Authorized Collection Center,Formal,2495,2173.66,321.34,2160.22,334.78,128.79,3,164054.57,86.58,76.94,96.04,Non-ferrous Metals,Repair & Reuse,Q4,87.12,12.88,75.94
EW101104,2024-12-01,2024,12,Dec,Chennai,Tamil Nadu,Monitor,Producer Take-back,Formal,1176,1115.97,60.03,985.22,190.78,126.38,1,49802.32,83.78,77.22,92.1,Ferrous Metals,Dismantling,Q4,94.9,5.1,50.55
EW100038,2024-12-01,2024,12,Dec,Hyderabad,Telangana,Mobile Phone,Informal Collector,Informal,3799,425.0,3374.0,1836.67,1962.33,140.55,18,326928.97,48.35,32.93,44.12,Ferrous Metals,Manual Sorting,Q4,11.19,88.81,178.0
EW100793,2024-12-01,2024,12,Dec,Hyderabad,Telangana,Television,Producer Take-back,Formal,1504,1134.15,369.85,1200.79,303.21,154.83,3,113686.47,79.84,87.45,75.81,Ferrous Metals,Repair & Reuse,Q4,75.41,24.59,94.68
EW100812,2024-12-01,2024,12,Dec,Hyderabad,Telangana,Television,Informal Collector,Informal,2171,387.0,1784.0,889.59,1281.41,191.16,6,136623.63,40.98,27.71,21.89,Mixed/Other,Refurbishment,Q4,17.83,82.17,153.58
EW101153,2024-12-01,2024,12,Dec,Hyderabad,Telangana,Television,Scrap Dealer,Informal,1241,193.78,1047.22,576.82,664.18,71.73,3,79944.44,46.48,21.1,28.46,Precious Metals,Repair & Reuse,Q4,15.61,84.39,138.6
EW100275,2024-12-01,2024,12,Dec,Kolkata,West Bengal,Mobile Phone,Retailer,Formal,3235,3147.65,87.35,2838.44,396.56,378.81,5,213914.64,87.74,94.16,82.83,Mixed/Other,Manual Sorting,Q4,97.3,2.7,75.36
EW100395,2024-12-01,2024,12,Dec,Kolkata,West Bengal,Printer,Producer Take-back,Formal,149,131.07,17.93,110.49,38.51,10.95,1,5066.89,74.15,77.55,95.1,Mixed/Other,Dismantling,Q4,87.97,12.03,45.86
EW100057,2025-01-01,2025,1,Jan,Guwahati,Assam,Monitor,Retailer,Formal,3677,3507.54,169.46,3097.01,579.99,288.94,5,367725.48,84.23,83.53,84.4,Non-ferrous Metals,Landfill/Disposal,Q1,95.39,4.61,118.74
EW100909,2025-01-01,2025,1,Jan,Guwahati,Assam,Monitor,Producer Take-back,Formal,2365,2010.83,354.17,2193.06,171.94,233.16,3,94045.19,92.73,79.04,85.94,Ferrous Metals,Repair & Reuse,Q1,85.02,14.98,42.88
EW100230,2025-01-01,2025,1,Jan,Delhi,Delhi,Mobile Phone,Informal Collector,Informal,1832,118.61,1713.39,1170.59,661.41,128.96,3,71556.24,63.9,8.93,56.16,Precious Metals,Dismantling,Q1,6.47,93.53,61.13
EW100366,2025-01-01,2025,1,Jan,Bengaluru,Karnataka,Mobile Phone,Retailer,Formal,3719,3190.22,528.78,2981.43,737.57,249.04,8,491289.44,80.17,95.48,91.17,Plastic,Refurbishment,Q1,85.78,14.22,164.78
EW100076,2025-01-01,2025,1,Jan,Mysuru,Karnataka,Mobile Phone,Authorized Collection Center,Formal,4283,3857.36,425.64,3215.5,1067.5,356.01,6,155242.19,75.08,97.02,78.28,Non-ferrous Metals,Refurbishment,Q1,90.06,9.94,48.28
EW100084,2025-01-01,2025,1,Jan,Mysuru,Karnataka,Small Appliance,Authorized Collection Center,Formal,964,902.27,61.73,685.68,278.32,32.99,1,27650.89,71.13,97.97,94.83,Copper,Manual Sorting,Q1,93.6,6.4,40.33
EW100674,2025-01-01,2025,1,Jan,Mysuru,Karnataka,Television,Retailer,Formal,4409,3428.39,980.61,3038.01,1370.99,294.66,5,462694.57,68.9,94.21,85.97,Precious Metals,Material Recovery,Q1,77.76,22.24,152.3
EW101106,2025-01-01,2025,1,Jan,Mysuru,Karnataka,Laptop,Authorized Collection Center,Formal,3703,3508.77,194.23,2852.29,850.71,298.35,5,289629.31,77.03,98.27,82.11,Ferrous Metals,Material Recovery,Q1,94.75,5.25,101.54
EW100096,2025-01-01,2025,1,Jan,Kochi,Kerala,Mobile Phone,Authorized Collection Center,Formal,1130,1061.8,68.2,991.99,138.01,97.59,1,39398.12,87.79,97.1,89.8,Aluminium,Refurbishment,Q1,93.96,6.04,39.72
EW100565,2025-01-01,2025,1,Jan,Indore,Madhya Pradesh,Small Appliance,Scrap Dealer,Informal,705,141.57,563.43,409.03,295.97,24.7,2,46068.46,58.02,11.76,34.51,Ferrous Metals,Refurbishment,Q1,20.08,79.92,112.63
EW100212,2025-01-01,2025,1,Jan,Mumbai,Maharashtra,Printer,Authorized Collection Center,Formal,3976,3247.01,728.99,2705.08,1270.92,226.56,7,476792.4,68.04,95.33,75.57,Plastic,Refurbishment,Q1,81.67,18.33,176.26
EW101169,2025-01-01,2025,1,Jan,Mumbai,Maharashtra,Television,Informal Collector,Informal,3197,518.51,2678.49,2074.43,1122.57,258.78,5,312167.55,64.89,20.86,26.92,Aluminium,Manual Sorting,Q1,16.22,83.78,150.48
EW100441,2025-01-01,2025,1,Jan,Nagpur,Maharashtra,Refrigerator,Producer Take-back,Formal,644,594.53,49.47,555.68,88.32,67.69,1,79678.76,86.29,95.42,81.87,Ferrous Metals,Refurbishment,Q1,92.32,7.68,143.39
EW100504,2025-01-01,2025,1,Jan,Nagpur,Maharashtra,Laptop,Informal Collector,Informal,1147,229.04,917.96,691.96,455.04,132.29,3,94685.67,60.33,39.08,36.05,Aluminium,Material Recovery,Q1,19.97,80.03,136.84
EW100829,2025-01-01,2025,1,Jan,Nagpur,Maharashtra,Desktop/PC,Producer Take-back,Formal,343,298.06,44.94,235.36,107.64,22.54,1,32616.36,68.62,76.33,86.73,Mixed/Other,Landfill/Disposal,Q1,86.9,13.1,138.58
EW101079,2025-01-01,2025,1,Jan,Nagpur,Maharashtra,Mobile Phone,Informal Collector,Informal,1647,43.87,1603.13,890.87,756.13,172.59,3,48678.58,54.09,37.89,61.49,Copper,Material Recovery,Q1,2.66,97.34,54.64
EW100268,2025-01-01,2025,1,Jan,Nashik,Maharashtra,Small Appliance,Scrap Dealer,Informal,2810,550.18,2259.82,858.1,1951.9,230.69,9,138085.32,30.54,20.17,36.72,Glass,Manual Sorting,Q1,19.58,80.42,160.92
EW100711,2025-01-01,2025,1,Jan,Nashik,Maharashtra,Monitor,Informal Collector,Informal,3961,273.21,3687.79,1546.25,2414.75,450.55,17,151155.66,39.04,24.72,31.95,Non-ferrous Metals,Manual Sorting,Q1,6.9,93.1,97.76
EW100907,2025-01-01,2025,1,Jan,Nashik,Maharashtra,Monitor,Informal Collector,Informal,4825,1050.62,3774.38,2143.39,2681.61,293.65,14,363727.92,44.42,41.43,52.21,Plastic,Landfill/Disposal,Q1,21.77,78.23,169.7
EW101126,2025-01-01,2025,1,Jan,Nashik,Maharashtra,Laptop,Retailer,Formal,3598,3372.99,225.01,2875.83,722.17,196.61,8,444592.37,79.93,98.86,79.04,Precious Metals,Refurbishment,Q1,93.75,6.25,154.6
EW100291,2025-01-01,2025,1,Jan,Pune,Maharashtra,Mobile Phone,Authorized Collection Center,Formal,3129,2988.94,140.06,2654.5,474.5,170.76,3,206171.54,84.84,77.76,97.6,Ferrous Metals,Material Recovery,Q1,95.52,4.48,77.67
EW100307,2025-01-01,2025,1,Jan,Pune,Maharashtra,Mobile Phone,Retailer,Formal,3176,2945.03,230.97,2757.72,418.28,292.63,4,418400.91,86.83,76.26,78.83,Mixed/Other,Dismantling,Q1,92.73,7.27,151.72
EW100454,2025-01-01,2025,1,Jan,Pune,Maharashtra,Air Conditioner,Authorized Collection Center,Formal,1557,1356.74,200.26,1180.16,376.84,51.53,2,188288.07,75.8,83.27,84.37,Ferrous Metals,Dismantling,Q1,87.14,12.86,159.54
EW100527,2025-01-01,2025,1,Jan,Chennai,Tamil Nadu,Mobile Phone,Municipal Collection,Formal,2187,1610.57,576.43,1827.3,359.7,184.07,1,321633.84,83.55,88.06,88.44,Glass,Repair & Reuse,Q1,73.64,26.36,176.02
EW100912,2025-01-01,2025,1,Jan,Chennai,Tamil Nadu,Laptop,Informal Collector,Informal,2676,450.62,2225.38,1495.51,1180.49,303.78,6,124956.4,55.89,23.57,61.72,Plastic,Material Recovery,Q1,16.84,83.16,83.55
EW100144,2025-01-01,2025,1,Jan,Hyderabad,Telangana,Television,Retailer,Formal,3777,3645.56,131.44,2804.73,972.27,154.61,4,458864.55,74.26,90.5,81.86,Mixed/Other,Landfill/Disposal,Q1,96.52,3.48,163.6
EW100089,2025-01-01,2025,1,Jan,Kolkata,West Bengal,Mobile Phone,Informal Collector,Informal,4875,298.53,4576.47,2936.45,1938.55,528.77,7,454396.03,60.23,10.15,35.08,Aluminium,Dismantling,Q1,6.12,93.88,154.74
EW100882,2025-01-01,2025,1,Jan,Kolkata,West Bengal,Small Appliance,Municipal Collection,Formal,2045,1508.52,536.48,1448.11,596.89,155.01,3,250492.63,70.81,97.68,93.71,Ferrous Metals,Repair & Reuse,Q1,73.77,26.23,172.98
EW100279,2025-02-01,2025,2,Feb,Guwahati,Assam,Television,Informal Collector,Informal,3995,581.78,3413.22,2338.24,1656.76,249.79,18,219763.66,58.53,18.13,40.43,Ferrous Metals,Landfill/Disposal,Q1,14.56,85.44,93.99
EW100604,2025-02-01,2025,2,Feb,Guwahati,Assam,Refrigerator,Authorized Collection Center,Formal,1292,1031.9,260.1,1101.06,190.94,57.17,2,59003.01,85.22,85.21,80.93,Copper,Landfill/Disposal,Q1,79.87,20.13,53.59
EW100714,2025-02-01,2025,2,Feb,Guwahati,Assam,Monitor,Producer Take-back,Formal,2329,1797.0,532.0,2166.03,162.97,177.08,4,204910.6,93.0,83.52,84.77,Copper,Dismantling,Q1,77.16,22.84,94.6
EW100458,2025-02-01,2025,2,Feb,Delhi,Delhi,Laptop,Scrap Dealer,Informal,2800,450.02,2349.98,759.26,2040.74,260.69,4,126948.07,27.12,33.08,42.83,Mixed/Other,Refurbishment,Q1,16.07,83.93,167.2
EW100974,2025-02-01,2025,2,Feb,Delhi,Delhi,Laptop,Informal Collector,Informal,4977,221.13,4755.87,2480.68,2496.32,559.89,12,312220.51,49.84,37.85,43.03,Plastic,Material Recovery,Q1,4.44,95.56,125.86
EW100387,2025-02-01,2025,2,Feb,Ahmedabad,Gujarat,Refrigerator,Scrap Dealer,Informal,1243,335.79,907.21,577.07,665.93,106.46,4,75985.98,46.43,25.44,39.29,Mixed/Other,Dismantling,Q1,27.01,72.99,131.68
EW100479,2025-02-01,2025,2,Feb,Ahmedabad,Gujarat,Television,Municipal Collection,Formal,3799,3600.47,198.53,3356.88,442.12,171.45,6,354719.16,88.36,90.0,97.71,Precious Metals,Repair & Reuse,Q1,94.77,5.23,105.67
EW100815,2025-02-01,2025,2,Feb,Ahmedabad,Gujarat,Mobile Phone,Scrap Dealer,Informal,713,155.07,557.93,421.52,291.48,83.82,1,58521.26,59.12,20.77,50.47,Ferrous Metals,Refurbishment,Q1,21.75,78.25,138.83
EW100952,2025-02-01,2025,2,Feb,Ahmedabad,Gujarat,Laptop,Scrap Dealer,Informal,1708,326.64,1381.36,1093.42,614.58,185.31,7,186322.62,64.02,40.76,54.93,Ferrous Metals,Landfill/Disposal,Q1,19.12,80.88,170.4
EW100080,2025-02-01,2025,2,Feb,Surat,Gujarat,Refrigerator,Scrap Dealer,Informal,3667,827.23,2839.77,1384.3,2282.7,316.57,16,172068.24,37.75,14.32,21.1,Non-ferrous Metals,Dismantling,Q1,22.56,77.44,124.3
EW100012,2025-02-01,2025,2,Feb,Bengaluru,Karnataka,Laptop,Informal Collector,Informal,282,32.74,249.26,97.82,184.18,28.84,1,17371.7,34.69,20.95,56.74,Mixed/Other,Refurbishment,Q1,11.61,88.39,177.59
EW100436,2025-02-01,2025,2,Feb,Bengaluru,Karnataka,Laptop,Authorized Collection Center,Formal,4446,3958.86,487.14,3069.28,1376.72,372.54,10,503886.37,69.03,85.78,86.02,Copper,Dismantling,Q1,89.04,10.96,164.17
EW100541,2025-02-01,2025,2,Feb,Bengaluru,Karnataka,Air Conditioner,Informal Collector,Informal,2953,157.92,2795.08,1857.58,1095.42,214.88,7,271419.06,62.9,24.92,33.95,Non-ferrous Metals,Refurbishment,Q1,5.35,94.65,146.11
EW100180,2025-02-01,2025,2,Feb,Mysuru,Karnataka,Monitor,Informal Collector,Informal,4493,553.39,3939.61,1203.02,3289.98,247.13,19,91744.43,26.78,37.73,43.92,Plastic,Refurbishment,Q1,12.32,87.68,76.26
EW100182,2025-02-01,2025,2,Feb,Mysuru,Karnataka,Small Appliance,Scrap Dealer,Informal,253,8.42,244.58,89.32,163.68,8.95,1,12018.48,35.3,9.58,37.27,Precious Metals,Repair & Reuse,Q1,3.33,96.67,134.56
EW101160,2025-02-01,2025,2,Feb,Mysuru,Karnataka,Monitor,Informal Collector,Informal,3683,469.35,3213.65,941.8,2741.2,353.3,13,79963.73,25.57,16.26,23.32,Precious Metals,Dismantling,Q1,12.74,87.26,84.91
EW100818,2025-02-01,2025,2,Feb,Kochi,Kerala,Laptop,Informal Collector,Informal,2559,287.67,2271.33,897.2,1661.8,236.76,10,63247.56,35.06,6.98,58.19,Non-ferrous Metals,Dismantling,Q1,11.24,88.76,70.49
EW100026,2025-02-01,2025,2,Feb,Bhopal,Madhya Pradesh,Mobile Phone,Authorized Collection Center,Formal,3436,2577.61,858.39,2377.58,1058.42,115.67,7,325800.29,69.2,86.38,77.35,Mixed/Other,Manual Sorting,Q1,75.02,24.98,137.03
EW100409,2025-02-01,2025,2,Feb,Bhopal,Madhya Pradesh,Television,Scrap Dealer,Informal,4653,560.1,4092.9,2962.48,1690.52,431.54,8,474379.95,63.67,24.22,23.09,Precious Metals,Manual Sorting,Q1,12.04,87.96,160.13
EW100078,2025-02-01,2025,2,Feb,Indore,Madhya Pradesh,Mobile Phone,Informal Collector,Informal,480,32.14,447.86,229.05,250.95,53.95,1,31179.03,47.72,16.89,61.6,Non-ferrous Metals,Material Recovery,Q1,6.7,93.3,136.12
EW100628,2025-02-01,2025,2,Feb,Indore,Madhya Pradesh,Mobile Phone,Scrap Dealer,Informal,4404,898.22,3505.78,1155.92,3248.08,477.03,8,61795.62,26.25,12.03,63.21,Glass,Manual Sorting,Q1,20.4,79.6,53.46
EW100334,2025-02-01,2025,2,Feb,Nashik,Maharashtra,Refrigerator,Informal Collector,Informal,4632,211.38,4420.62,1373.81,3258.19,244.96,11,153654.76,29.66,32.14,46.67,Ferrous Metals,Dismantling,Q1,4.56,95.44,111.85
EW100707,2025-02-01,2025,2,Feb,Nashik,Maharashtra,Small Appliance,Municipal Collection,Formal,895,771.72,123.28,618.09,276.91,52.22,1,106828.4,69.06,95.62,80.48,Aluminium,Landfill/Disposal,Q1,86.23,13.77,172.84
EW101107,2025-02-01,2025,2,Feb,Nashik,Maharashtra,Monitor,Authorized Collection Center,Formal,1458,1294.21,163.79,1225.09,232.91,74.4,2,82350.84,84.03,78.53,88.76,Aluminium,Dismantling,Q1,88.77,11.23,67.22
EW100262,2025-02-01,2025,2,Feb,Pune,Maharashtra,Mobile Phone,Retailer,Formal,4966,4427.05,538.95,4404.96,561.04,270.52,9,322834.7,88.7,97.54,90.27,Ferrous Metals,Landfill/Disposal,Q1,89.15,10.85,73.29
EW101026,2025-02-01,2025,2,Feb,Pune,Maharashtra,Refrigerator,Informal Collector,Informal,557,106.77,450.23,324.93,232.07,53.1,2,24980.34,58.34,20.5,48.2,Precious Metals,Manual Sorting,Q1,19.17,80.83,76.88
EW100675,2025-02-01,2025,2,Feb,Jaipur,Rajasthan,Desktop/PC,Informal Collector,Informal,2584,411.92,2172.08,1110.24,1473.76,179.87,4,154542.62,42.97,13.55,28.86,Plastic,Dismantling,Q1,15.94,84.06,139.2
EW100744,2025-02-01,2025,2,Feb,Jaipur,Rajasthan,Tablet,Authorized Collection Center,Formal,904,873.95,30.05,633.12,270.88,103.06,1,99705.16,70.04,85.04,85.58,Ferrous Metals,Landfill/Disposal,Q1,96.68,3.32,157.48
EW100803,2025-02-01,2025,2,Feb,Jaipur,Rajasthan,Small Appliance,Scrap Dealer,Informal,2901,132.43,2768.57,1443.65,1457.35,124.55,9,52038.94,49.76,17.66,50.47,Non-ferrous Metals,Manual Sorting,Q1,4.56,95.44,36.05
EW100950,2025-02-01,2025,2,Feb,Jaipur,Rajasthan,Desktop/PC,Retailer,Formal,2694,2279.24,414.76,1906.01,787.99,148.2,6,218711.65,70.75,84.92,76.74,Plastic,Refurbishment,Q1,84.6,15.4,114.75
EW101018,2025-02-01,2025,2,Feb,Jaipur,Rajasthan,Mobile Phone,Municipal Collection,Formal,2601,2030.35,570.65,2291.53,309.47,98.54,3,248561.7,88.1,81.45,87.71,Ferrous Metals,Dismantling,Q1,78.06,21.94,108.47
EW100477,2025-02-01,2025,2,Feb,Chennai,Tamil Nadu,Air Conditioner,Municipal Collection,Formal,995,904.9,90.1,813.21,181.79,47.95,1,73669.81,81.73,95.09,95.77,Precious Metals,Repair & Reuse,Q1,90.94,9.06,90.59
EW100731,2025-02-01,2025,2,Feb,Chennai,Tamil Nadu,Tablet,Authorized Collection Center,Formal,2903,2644.94,258.06,2116.41,786.59,116.74,5,291742.65,72.9,76.2,76.67,Non-ferrous Metals,Dismantling,Q1,91.11,8.89,137.85
EW100984,2025-02-01,2025,2,Feb,Chennai,Tamil Nadu,Small Appliance,Authorized Collection Center,Formal,3397,2481.16,915.84,2733.04,663.96,285.13,3,209353.89,80.45,82.73,88.51,Glass,Repair & Reuse,Q1,73.04,26.96,76.6
EW100783,2025-02-01,2025,2,Feb,Hyderabad,Telangana,Small Appliance,Informal Collector,Informal,1990,420.65,1569.35,618.61,1371.39,223.08,9,80305.23,31.09,31.89,20.24,Ferrous Metals,Material Recovery,Q1,21.14,78.86,129.82
EW100808,2025-02-01,2025,2,Feb,Hyderabad,Telangana,Television,Retailer,Formal,147,113.53,33.47,110.84,36.16,14.53,1,8979.87,75.4,89.94,90.67,Mixed/Other,Landfill/Disposal,Q1,77.23,22.77,81.02
EW101084,2025-02-01,2025,2,Feb,Hyderabad,Telangana,Television,Informal Collector,Informal,482,116.93,365.07,165.0,317.0,51.28,1,19656.94,34.23,40.52,41.31,Copper,Landfill/Disposal,Q1,24.26,75.74,119.13
EW100832,2025-02-01,2025,2,Feb,Lucknow,Uttar Pradesh,Television,Authorized Collection Center,Formal,2372,2023.89,348.11,2052.14,319.86,161.4,4,148904.5,86.52,76.67,84.92,Precious Metals,Refurbishment,Q1,85.32,14.68,72.56
EW100165,2025-03-01,2025,3,Mar,Guwahati,Assam,Mobile Phone,Informal Collector,Informal,2347,170.21,2176.79,759.7,1587.3,259.25,8,43344.79,32.37,22.61,47.69,Aluminium,Material Recovery,Q1,7.25,92.75,57.06
EW100567,2025-03-01,2025,3,Mar,Guwahati,Assam,Television,Retailer,Formal,4041,3246.48,794.52,3760.63,280.37,354.57,3,366193.06,93.06,96.0,82.23,Glass,Manual Sorting,Q1,80.34,19.66,97.38
EW101007,2025-03-01,2025,3,Mar,Ahmedabad,Gujarat,Mobile Phone,Informal Collector,Informal,3966,745.04,3220.96,2120.39,1845.61,446.69,9,262759.23,53.46,21.02,20.53,Precious Metals,Material Recovery,Q1,18.79,81.21,123.92
EW100540,2025-03-01,2025,3,Mar,Surat,Gujarat,Refrigerator,Retailer,Formal,3067,2898.82,168.18,2222.85,844.15,326.78,7,254887.96,72.48,90.75,84.17,Ferrous Metals,Manual Sorting,Q1,94.52,5.48,114.67
EW100073,2025-03-01,2025,3,Mar,Bengaluru,Karnataka,Printer,Producer Take-back,Formal,534,464.08,69.92,479.48,54.52,35.45,1,46123.95,89.79,83.49,98.01,Ferrous Metals,Material Recovery,Q1,86.91,13.09,96.2
EW100437,2025-03-01,2025,3,Mar,Bengaluru,Karnataka,Television,Informal Collector,Informal,4533,1079.3,3453.7,2723.64,1809.36,235.2,15,171348.6,60.08,9.08,61.0,Precious Metals,Manual Sorting,Q1,23.81,76.19,62.91
EW100734,2025-03-01,2025,3,Mar,Mysuru,Karnataka,Mobile Phone,Authorized Collection Center,Formal,1984,1495.04,488.96,1620.72,363.28,130.18,2,254485.07,81.69,75.26,82.49,Ferrous Metals,Landfill/Disposal,Q1,75.35,24.65,157.02
EW100238,2025-03-01,2025,3,Mar,Kochi,Kerala,Desktop/PC,Producer Take-back,Formal,4953,4231.67,721.33,4321.21,631.79,429.74,8,583440.17,87.24,78.45,89.29,Plastic,Manual Sorting,Q1,85.44,14.56,135.02
EW100833,2025-03-01,2025,3,Mar,Kochi,Kerala,Mobile Phone,Authorized Collection Center,Formal,2902,2419.26,482.74,2505.51,396.49,235.28,7,304871.52,86.34,75.36,83.47,Mixed/Other,Landfill/Disposal,Q1,83.37,16.63,121.68
EW100876,2025-03-01,2025,3,Mar,Kochi,Kerala,Air Conditioner,Scrap Dealer,Informal,2428,166.45,2261.55,1102.52,1325.48,188.46,11,112525.21,45.41,16.18,30.39,Copper,Refurbishment,Q1,6.86,93.14,102.06
EW100652,2025-03-01,2025,3,Mar,Bhopal,Madhya Pradesh,Television,Municipal Collection,Formal,4543,4229.09,313.91,3128.01,1414.99,327.58,8,485951.62,68.85,76.18,95.46,Mixed/Other,Refurbishment,Q1,93.09,6.91,155.35
EW101083,2025-03-01,2025,3,Mar,Bhopal,Madhya Pradesh,Tablet,Scrap Dealer,Informal,294,34.29,259.71,105.61,188.39,19.04,1,5192.42,35.92,25.84,52.42,Copper,Repair & Reuse,Q1,11.66,88.34,49.17
EW100499,2025-03-01,2025,3,Mar,Mumbai,Maharashtra,Printer,Municipal Collection,Formal,3389,2879.05,509.95,2594.88,794.12,236.06,7,348259.99,76.57,96.18,79.88,Glass,Refurbishment,Q1,84.95,15.05,134.21
EW100934,2025-03-01,2025,3,Mar,Mumbai,Maharashtra,Mobile Phone,Informal Collector,Informal,1703,276.05,1426.95,713.32,989.68,145.91,5,50420.73,41.89,32.17,59.3,Ferrous Metals,Repair & Reuse,Q1,16.21,83.79,70.68
EW101075,2025-03-01,2025,3,Mar,Mumbai,Maharashtra,Monitor,Authorized Collection Center,Formal,4398,3455.67,942.33,3709.73,688.27,433.62,10,588215.59,84.35,98.16,88.95,Aluminium,Dismantling,Q1,78.57,21.43,158.56
EW100616,2025-03-01,2025,3,Mar,Nagpur,Maharashtra,Television,Informal Collector,Informal,3510,714.55,2795.45,1566.1,1943.9,186.71,16,185845.65,44.62,13.85,32.11,Copper,Repair & Reuse,Q1,20.36,79.64,118.67
EW101087,2025-03-01,2025,3,Mar,Pune,Maharashtra,Mobile Phone,Authorized Collection Center,Formal,353,338.38,14.62,247.21,105.79,24.17,1,40866.23,70.03,98.94,93.08,Glass,Refurbishment,Q1,95.86,4.14,165.31
EW100514,2025-03-01,2025,3,Mar,Jaipur,Rajasthan,Mobile Phone,Authorized Collection Center,Formal,4552,3814.71,737.29,3452.38,1099.62,293.88,10,495779.01,75.84,81.54,77.82,Glass,Repair & Reuse,Q1,83.8,16.2,143.6
EW100523,2025-03-01,2025,3,Mar,Chennai,Tamil Nadu,Desktop/PC,Scrap Dealer,Informal,4515,730.17,3784.83,2323.36,2191.64,502.5,8,159501.76,51.46,33.36,57.07,Plastic,Refurbishment,Q1,16.17,83.83,68.65
EW100733,2025-03-01,2025,3,Mar,Chennai,Tamil Nadu,Refrigerator,Retailer,Formal,3113,2279.43,833.57,2828.37,284.63,321.1,6,238075.48,90.86,76.69,88.92,Precious Metals,Refurbishment,Q1,73.22,26.78,84.17
EW100836,2025-03-01,2025,3,Mar,Chennai,Tamil Nadu,Small Appliance,Scrap Dealer,Informal,2695,80.22,2614.78,981.12,1713.88,128.25,4,68813.29,36.41,32.15,30.4,Copper,Repair & Reuse,Q1,2.98,97.02,70.14
EW100113,2025-03-01,2025,3,Mar,Hyderabad,Telangana,Monitor,Municipal Collection,Formal,3152,2446.19,705.81,2683.33,468.67,206.29,6,135390.06,85.13,90.79,98.99,Aluminium,Refurbishment,Q1,77.61,22.39,50.46
EW100886,2025-03-01,2025,3,Mar,Hyderabad,Telangana,Mobile Phone,Authorized Collection Center,Formal,1578,1514.48,63.52,1381.22,196.78,131.1,3,134232.43,87.53,93.2,83.92,Precious Metals,Material Recovery,Q1,95.97,4.03,97.18
EW100949,2025-03-01,2025,3,Mar,Hyderabad,Telangana,Laptop,Authorized Collection Center,Formal,4976,4807.27,168.73,3702.62,1273.38,508.94,9,331939.0,74.41,75.03,85.72,Aluminium,Landfill/Disposal,Q1,96.61,3.39,89.65
EW101047,2025-03-01,2025,3,Mar,Hyderabad,Telangana,Monitor,Scrap Dealer,Informal,2200,269.33,1930.67,1191.97,1008.03,107.0,6,43111.67,54.18,35.35,48.16,Non-ferrous Metals,Landfill/Disposal,Q1,12.24,87.76,36.17
EW101013,2025-03-01,2025,3,Mar,Lucknow,Uttar Pradesh,Mobile Phone,Retailer,Formal,4209,3200.45,1008.55,2899.19,1309.81,501.23,6,341962.32,68.88,89.78,93.95,Glass,Dismantling,Q1,76.04,23.96,117.95
EW100035,2025-03-01,2025,3,Mar,Kolkata,West Bengal,Small Appliance,Authorized Collection Center,Formal,3602,2831.02,770.98,2828.84,773.16,293.32,7,413698.75,78.54,94.75,92.86,Plastic,Manual Sorting,Q1,78.6,21.4,146.24
EW100396,2025-03-01,2025,3,Mar,Kolkata,West Bengal,Television,Scrap Dealer,Informal,3945,557.14,3387.86,2235.92,1709.08,261.19,11,202391.53,56.68,33.76,44.64,Ferrous Metals,Manual Sorting,Q1,14.12,85.88,90.52
EW100848,2025-04-01,2025,4,Apr,Guwahati,Assam,Mobile Phone,Scrap Dealer,Informal,3719,430.81,3288.19,1027.7,2691.3,319.82,13,77825.5,27.63,41.41,33.68,Plastic,Manual Sorting,Q2,11.58,88.42,75.73
EW100194,2025-04-01,2025,4,Apr,Delhi,Delhi,Monitor,Producer Take-back,Formal,637,464.35,172.65,593.75,43.25,73.52,1,28845.69,93.21,93.11,86.81,Precious Metals,Dismantling,Q2,72.9,27.1,48.58
EW100555,2025-04-01,2025,4,Apr,Delhi,Delhi,Small Appliance,Retailer,Formal,3614,2750.97,863.03,3197.65,416.35,209.59,4,116924.62,88.48,91.82,77.72,Copper,Manual Sorting,Q2,76.12,23.88,36.57
EW100028,2025-04-01,2025,4,Apr,Surat,Gujarat,Desktop/PC,Informal Collector,Informal,4080,942.13,3137.87,2359.28,1720.72,352.25,17,305445.34,57.83,13.27,32.33,Glass,Landfill/Disposal,Q2,23.09,76.91,129.47
EW100386,2025-04-01,2025,4,Apr,Bengaluru,Karnataka,Air Conditioner,Authorized Collection Center,Formal,3384,2629.28,754.72,2400.4,983.6,283.17,5,93365.66,70.93,84.13,77.55,Glass,Manual Sorting,Q2,77.7,22.3,38.9
EW101086,2025-04-01,2025,4,Apr,Bengaluru,Karnataka,Mobile Phone,Informal Collector,Informal,2038,409.79,1628.21,762.03,1275.97,221.27,5,95144.23,37.39,16.44,61.27,Copper,Material Recovery,Q2,20.11,79.89,124.86
EW101091,2025-04-01,2025,4,Apr,Bengaluru,Karnataka,Mobile Phone,Producer Take-back,Formal,4558,3702.13,855.87,3131.68,1426.32,363.67,5,239934.85,68.71,96.85,87.07,Plastic,Material Recovery,Q2,81.22,18.78,76.62
EW101125,2025-04-01,2025,4,Apr,Bengaluru,Karnataka,Television,Authorized Collection Center,Formal,4799,3877.62,921.38,3831.15,967.85,294.04,8,157920.41,79.83,79.1,85.39,Plastic,Dismantling,Q2,80.8,19.2,41.22
EW100006,2025-04-01,2025,4,Apr,Mysuru,Karnataka,Tablet,Retailer,Formal,3184,2345.1,838.9,2422.56,761.44,188.7,6,308745.64,76.09,96.29,86.33,Copper,Landfill/Disposal,Q2,73.65,26.35,127.45
EW100123,2025-04-01,2025,4,Apr,Mysuru,Karnataka,Television,Authorized Collection Center,Formal,2717,2402.71,314.29,1888.85,828.15,116.18,3,229631.33,69.52,91.22,85.63,Copper,Refurbishment,Q2,88.43,11.57,121.57
EW100036,2025-04-01,2025,4,Apr,Kochi,Kerala,Mobile Phone,Informal Collector,Informal,213,48.68,164.32,136.57,76.43,17.05,1,5639.28,64.12,41.99,61.36,Glass,Material Recovery,Q2,22.85,77.15,41.29
EW100041,2025-04-01,2025,4,Apr,Kochi,Kerala,Television,Scrap Dealer,Informal,1540,265.09,1274.91,832.29,707.71,151.13,4,58224.79,54.04,13.2,31.31,Copper,Manual Sorting,Q2,17.21,82.79,69.96
EW100351,2025-04-01,2025,4,Apr,Kochi,Kerala,Printer,Authorized Collection Center,Formal,4233,3054.87,1178.13,3424.59,808.41,235.8,8,131751.58,80.9,89.04,97.6,Precious Metals,Manual Sorting,Q2,72.17,27.83,38.47
EW100654,2025-04-01,2025,4,Apr,Kochi,Kerala,Refrigerator,Authorized Collection Center,Formal,4483,4031.13,451.87,3756.77,726.23,351.61,7,291508.68,83.8,81.66,87.01,Precious Metals,Material Recovery,Q2,89.92,10.08,77.6
EW100335,2025-04-01,2025,4,Apr,Bhopal,Madhya Pradesh,Refrigerator,Scrap Dealer,Informal,3182,556.46,2625.54,898.11,2283.89,364.53,13,107827.18,28.22,38.14,23.61,Plastic,Dismantling,Q2,17.49,82.51,120.06
EW100327,2025-04-01,2025,4,Apr,Indore,Madhya Pradesh,Refrigerator,Scrap Dealer,Informal,2338,184.16,2153.84,1099.84,1238.16,180.31,5,86030.77,47.04,16.11,54.72,Mixed/Other,Material Recovery,Q2,7.88,92.12,78.22
EW100497,2025-04-01,2025,4,Apr,Indore,Madhya Pradesh,Mobile Phone,Informal Collector,Informal,3427,884.66,2542.34,1700.41,1726.59,162.24,12,226549.45,49.62,26.03,52.31,Copper,Manual Sorting,Q2,25.81,74.19,133.23
EW100896,2025-04-01,2025,4,Apr,Indore,Madhya Pradesh,Refrigerator,Informal Collector,Informal,1454,365.23,1088.77,756.43,697.57,76.29,5,129931.01,52.02,33.92,51.03,Ferrous Metals,Dismantling,Q2,25.12,74.88,171.77
EW100241,2025-04-01,2025,4,Apr,Mumbai,Maharashtra,Mobile Phone,Informal Collector,Informal,896,144.18,751.82,560.77,335.23,44.66,3,69816.62,62.59,34.58,29.66,Aluminium,Refurbishment,Q2,16.09,83.91,124.5
EW100290,2025-04-01,2025,4,Apr,Mumbai,Maharashtra,Mobile Phone,Municipal Collection,Formal,2736,2635.39,100.61,1992.6,743.4,173.81,6,87599.27,72.83,77.22,78.91,Glass,Landfill/Disposal,Q2,96.32,3.68,43.96
EW100629,2025-04-01,2025,4,Apr,Mumbai,Maharashtra,Desktop/PC,Authorized Collection Center,Formal,4308,3640.12,667.88,3547.53,760.47,374.19,5,612143.88,82.35,79.07,98.18,Ferrous Metals,Dismantling,Q2,84.5,15.5,172.55
EW100146,2025-04-01,2025,4,Apr,Jaipur,Rajasthan,Mobile Phone,Authorized Collection Center,Formal,4638,3450.15,1187.85,4317.67,320.33,343.01,4,365471.94,93.09,84.92,93.2,Ferrous Metals,Material Recovery,Q2,74.39,25.61,84.65
EW100877,2025-04-01,2025,4,Apr,Jaipur,Rajasthan,Monitor,Retailer,Formal,3556,2882.13,673.87,2738.44,817.56,297.32,8,486201.04,77.01,88.91,75.03,Precious Metals,Landfill/Disposal,Q2,81.05,18.95,177.55
EW100164,2025-04-01,2025,4,Apr,Chennai,Tamil Nadu,Refrigerator,Informal Collector,Informal,4734,335.73,4398.27,2881.98,1852.02,363.65,14,333975.11,60.88,11.64,47.61,Copper,Material Recovery,Q2,7.09,92.91,115.88
EW100207,2025-04-01,2025,4,Apr,Chennai,Tamil Nadu,Television,Authorized Collection Center,Formal,306,249.74,56.26,212.25,93.75,30.32,1,32731.65,69.36,95.41,80.09,Ferrous Metals,Landfill/Disposal,Q2,81.61,18.39,154.21
EW100559,2025-04-01,2025,4,Apr,Chennai,Tamil Nadu,Refrigerator,Informal Collector,Informal,3850,535.71,3314.29,1366.62,2483.38,199.27,12,223566.27,35.5,20.13,53.74,Plastic,Dismantling,Q2,13.91,86.09,163.59
EW100065,2025-04-01,2025,4,Apr,Hyderabad,Telangana,Television,Informal Collector,Informal,3292,405.91,2886.09,1385.0,1907.0,335.72,8,142507.21,42.07,30.0,37.0,Mixed/Other,Material Recovery,Q2,12.33,87.67,102.89
EW100440,2025-04-01,2025,4,Apr,Hyderabad,Telangana,Printer,Informal Collector,Informal,3798,756.75,3041.25,1380.65,2417.35,351.12,9,200317.42,36.35,29.79,23.48,Non-ferrous Metals,Repair & Reuse,Q2,19.92,80.08,145.09
EW100484,2025-04-01,2025,4,Apr,Hyderabad,Telangana,Printer,Retailer,Formal,2010,1787.02,222.98,1414.05,595.95,231.77,2,118633.12,70.35,84.65,76.23,Non-ferrous Metals,Landfill/Disposal,Q2,88.91,11.09,83.9
EW100560,2025-04-01,2025,4,Apr,Lucknow,Uttar Pradesh,Monitor,Authorized Collection Center,Formal,1004,783.87,220.13,789.63,214.37,100.61,2,53753.83,78.65,97.13,89.22,Ferrous Metals,Refurbishment,Q2,78.07,21.93,68.07
EW100667,2025-04-01,2025,4,Apr,Lucknow,Uttar Pradesh,Tablet,Retailer,Formal,2203,1965.16,237.84,1965.98,237.02,91.38,4,238376.18,89.24,83.05,94.58,Precious Metals,Landfill/Disposal,Q2,89.2,10.8,121.25
EW101141,2025-04-01,2025,4,Apr,Lucknow,Uttar Pradesh,Monitor,Authorized Collection Center,Formal,2830,2595.29,234.71,2379.02,450.98,285.35,3,387259.81,84.06,89.76,94.74,Precious Metals,Manual Sorting,Q2,91.71,8.29,162.78
EW100104,2025-04-01,2025,4,Apr,Kolkata,West Bengal,Desktop/PC,Authorized Collection Center,Formal,432,405.44,26.56,313.33,118.67,50.32,1,49413.16,72.53,90.09,92.65,Aluminium,Repair & Reuse,Q2,93.85,6.15,157.7
EW100856,2025-04-01,2025,4,Apr,Kolkata,West Bengal,Mobile Phone,Retailer,Formal,4642,3533.85,1108.15,4270.16,371.84,140.37,10,696699.47,91.99,82.61,91.9,Glass,Landfill/Disposal,Q2,76.13,23.87,163.16
EW100237,2025-05-01,2025,5,May,Guwahati,Assam,Small Appliance,Municipal Collection,Formal,1495,1102.64,392.36,1218.22,276.78,68.98,3,62651.8,81.49,84.69,92.71,Non-ferrous Metals,Repair & Reuse,Q2,73.76,26.24,51.43
EW100554,2025-05-01,2025,5,May,Guwahati,Assam,Air Conditioner,Producer Take-back,Formal,3733,2696.66,1036.34,2733.91,999.09,434.19,6,199418.1,73.24,76.61,75.68,Non-ferrous Metals,Dismantling,Q2,72.24,27.76,72.94
EW100622,2025-05-01,2025,5,May,Delhi,Delhi,Small Appliance,Informal Collector,Informal,4434,1132.98,3301.02,2024.12,2409.88,194.38,20,293158.98,45.65,34.27,51.91,Precious Metals,Manual Sorting,Q2,25.55,74.45,144.83
EW101081,2025-05-01,2025,5,May,Delhi,Delhi,Mobile Phone,Municipal Collection,Formal,1231,1033.57,197.43,1087.51,143.49,71.19,2,177177.72,88.34,84.65,76.6,Ferrous Metals,Material Recovery,Q2,83.96,16.04,162.92
EW101179,2025-05-01,2025,5,May,Delhi,Delhi,Tablet,Authorized Collection Center,Formal,461,353.06,107.94,362.43,98.57,18.46,1,31281.97,78.62,80.36,90.41,Non-ferrous Metals,Material Recovery,Q2,76.59,23.41,86.31
EW100094,2025-05-01,2025,5,May,Ahmedabad,Gujarat,Laptop,Authorized Collection Center,Formal,3235,2879.71,355.29,2429.64,805.36,373.89,3,237347.86,75.1,97.65,85.07,Plastic,Repair & Reuse,Q2,89.02,10.98,97.69
EW100515,2025-05-01,2025,5,May,Ahmedabad,Gujarat,Refrigerator,Informal Collector,Informal,136,36.12,99.88,45.55,90.45,10.45,1,3300.72,33.49,37.74,60.48,Glass,Material Recovery,Q2,26.56,73.44,72.46
EW100117,2025-05-01,2025,5,May,Surat,Gujarat,Mobile Phone,Informal Collector,Informal,3102,492.4,2609.6,1529.79,1572.21,306.6,13,212836.2,49.32,43.22,20.82,Precious Metals,Material Recovery,Q2,15.87,84.13,139.13
EW100314,2025-05-01,2025,5,May,Surat,Gujarat,Mobile Phone,Municipal Collection,Formal,4793,4079.81,713.19,3405.39,1387.61,216.72,6,495290.46,71.05,87.17,90.31,Precious Metals,Manual Sorting,Q2,85.12,14.88,145.44
EW100957,2025-05-01,2025,5,May,Surat,Gujarat,Mobile Phone,Authorized Collection Center,Formal,1920,1441.93,478.07,1766.88,153.12,71.02,4,243007.46,92.02,82.91,84.38,Ferrous Metals,Refurbishment,Q2,75.1,24.9,137.53
EW100304,2025-05-01,2025,5,May,Bengaluru,Karnataka,Laptop,Scrap Dealer,Informal,1527,247.9,1279.1,549.34,977.66,169.71,3,89670.26,35.98,27.38,57.28,Plastic,Refurbishment,Q2,16.23,83.77,163.23
EW100312,2025-05-01,2025,5,May,Bengaluru,Karnataka,Desktop/PC,Retailer,Formal,4399,3944.68,454.32,3056.15,1342.85,145.7,6,415907.27,69.47,79.64,90.4,Copper,Repair & Reuse,Q2,89.67,10.33,136.09
EW100618,2025-05-01,2025,5,May,Bengaluru,Karnataka,Air Conditioner,Scrap Dealer,Informal,4591,136.64,4454.36,1728.06,2862.94,267.52,17,86992.41,37.64,30.14,24.28,Glass,Landfill/Disposal,Q2,2.98,97.02,50.34
EW100781,2025-05-01,2025,5,May,Bengaluru,Karnataka,Mobile Phone,Scrap Dealer,Informal,999,203.92,795.08,423.76,575.24,52.47,3,60464.83,42.42,12.2,61.15,Plastic,Material Recovery,Q2,20.41,79.59,142.69
EW101020,2025-05-01,2025,5,May,Bengaluru,Karnataka,Desktop/PC,Authorized Collection Center,Formal,4509,4390.24,118.76,4077.26,431.74,463.89,4,589173.5,90.43,80.15,98.46,Copper,Material Recovery,Q2,97.37,2.63,144.5
EW101035,2025-05-01,2025,5,May,Bengaluru,Karnataka,Monitor,Authorized Collection Center,Formal,4521,3780.89,740.11,4003.09,517.91,462.01,9,152952.63,88.54,88.56,92.94,Non-ferrous Metals,Dismantling,Q2,83.63,16.37,38.21
EW100222,2025-05-01,2025,5,May,Mysuru,Karnataka,Desktop/PC,Retailer,Formal,708,515.76,192.24,492.06,215.94,49.55,1,61604.06,69.5,98.82,84.27,Copper,Material Recovery,Q2,72.85,27.15,125.2
EW100254,2025-05-01,2025,5,May,Mysuru,Karnataka,Mobile Phone,Informal Collector,Informal,4246,211.09,4034.91,2360.44,1885.56,386.81,17,408259.21,55.59,36.06,47.51,Plastic,Refurbishment,Q2,4.97,95.03,172.96
EW100260,2025-05-01,2025,5,May,Mysuru,Karnataka,Air Conditioner,Producer Take-back,Formal,2005,1834.56,170.44,1836.86,168.14,197.06,3,238514.82,91.61,96.34,88.89,Aluminium,Landfill/Disposal,Q2,91.5,8.5,129.85
EW100457,2025-05-01,2025,5,May,Mysuru,Karnataka,Printer,Authorized Collection Center,Formal,4404,4009.3,394.7,3261.54,1142.46,454.42,7,213828.42,74.06,80.68,90.07,Copper,Refurbishment,Q2,91.04,8.96,65.56
EW100439,2025-05-01,2025,5,May,Bhopal,Madhya Pradesh,Television,Authorized Collection Center,Formal,4334,4043.92,290.08,3315.3,1018.7,266.39,7,247854.89,76.5,75.64,92.65,Plastic,Repair & Reuse,Q2,93.31,6.69,74.76
EW101124,2025-05-01,2025,5,May,Bhopal,Madhya Pradesh,Mobile Phone,Informal Collector,Informal,2428,440.51,1987.49,1548.33,879.67,115.95,11,175052.76,63.77,31.88,24.48,Copper,Manual Sorting,Q2,18.14,81.86,113.06
EW100000,2025-05-01,2025,5,May,Indore,Madhya Pradesh,Printer,Informal Collector,Informal,546,25.11,520.89,236.8,309.2,32.78,1,30636.9,43.37,7.26,52.49,Aluminium,Landfill/Disposal,Q2,4.6,95.4,129.38
EW100005,2025-05-01,2025,5,May,Indore,Madhya Pradesh,Mobile Phone,Authorized Collection Center,Formal,2648,2438.24,209.76,1937.45,710.55,80.76,5,266388.6,73.17,92.5,93.51,Copper,Dismantling,Q2,92.08,7.92,137.49
EW100119,2025-05-01,2025,5,May,Indore,Madhya Pradesh,Television,Informal Collector,Informal,185,33.06,151.94,99.25,85.75,10.09,1,5227.59,53.65,12.25,50.65,Non-ferrous Metals,Manual Sorting,Q2,17.87,82.13,52.67
EW100415,2025-05-01,2025,5,May,Mumbai,Maharashtra,Small Appliance,Authorized Collection Center,Formal,4452,3659.5,792.5,3545.41,906.59,426.06,6,156939.84,79.64,76.78,77.77,Non-ferrous Metals,Manual Sorting,Q2,82.2,17.8,44.27
EW100951,2025-05-01,2025,5,May,Mumbai,Maharashtra,Monitor,Authorized Collection Center,Formal,4308,3766.27,541.73,3190.86,1117.14,494.18,7,255661.1,74.07,85.79,94.34,Precious Metals,Manual Sorting,Q2,87.43,12.57,80.12
EW100088,2025-05-01,2025,5,May,Nagpur,Maharashtra,Desktop/PC,Informal Collector,Informal,4010,981.52,3028.48,2179.69,1830.31,308.42,18,153812.99,54.36,11.29,27.22,Copper,Material Recovery,Q2,24.48,75.52,70.57
EW100258,2025-05-01,2025,5,May,Nagpur,Maharashtra,Laptop,Producer Take-back,Formal,4215,3110.1,1104.9,3271.22,943.78,302.56,8,425996.69,77.61,92.01,75.2,Plastic,Dismantling,Q2,73.79,26.21,130.23
EW100378,2025-05-01,2025,5,May,Nagpur,Maharashtra,Air Conditioner,Authorized Collection Center,Formal,625,523.17,101.83,511.31,113.69,60.7,1,69538.24,81.81,97.18,94.69,Copper,Landfill/Disposal,Q2,83.71,16.29,136.0
EW100623,2025-05-01,2025,5,May,Nagpur,Maharashtra,Printer,Authorized Collection Center,Formal,2595,2194.15,400.85,1982.58,612.42,273.79,3,259054.74,76.4,78.29,91.48,Copper,Repair & Reuse,Q2,84.55,15.45,130.67
EW101199,2025-05-01,2025,5,May,Nagpur,Maharashtra,Air Conditioner,Informal Collector,Informal,4292,131.06,4160.94,2199.44,2092.56,454.02,17,341669.88,51.25,13.02,60.0,Glass,Refurbishment,Q2,3.05,96.95,155.34
EW100224,2025-05-01,2025,5,May,Nashik,Maharashtra,Refrigerator,Retailer,Formal,740,632.21,107.79,649.19,90.81,41.01,1,106884.79,87.73,97.71,96.42,Copper,Landfill/Disposal,Q2,85.43,14.57,164.64
EW101042,2025-05-01,2025,5,May,Nashik,Maharashtra,Monitor,Informal Collector,Informal,3415,274.85,3140.15,1954.72,1460.28,157.56,14,334975.29,57.24,18.43,43.84,Mixed/Other,Dismantling,Q2,8.05,91.95,171.37
EW100219,2025-05-01,2025,5,May,Pune,Maharashtra,Printer,Retailer,Formal,2975,2897.95,77.05,2608.78,366.22,132.54,4,363032.58,87.69,80.94,90.37,Precious Metals,Refurbishment,Q2,97.41,2.59,139.16
EW100332,2025-05-01,2025,5,May,Jaipur,Rajasthan,Mobile Phone,Municipal Collection,Formal,1026,738.77,287.23,861.47,164.53,87.7,1,79735.02,83.96,85.93,84.96,Precious Metals,Landfill/Disposal,Q2,72.0,28.0,92.56
EW101088,2025-05-01,2025,5,May,Hyderabad,Telangana,Printer,Authorized Collection Center,Formal,4472,3971.65,500.35,3448.75,1023.25,244.19,7,587520.93,77.12,75.84,93.46,Ferrous Metals,Dismantling,Q2,88.81,11.19,170.36
EW100062,2025-05-01,2025,5,May,Lucknow,Uttar Pradesh,Small Appliance,Municipal Collection,Formal,1872,1402.96,469.04,1752.3,119.7,197.5,1,295301.55,93.61,95.88,87.45,Mixed/Other,Manual Sorting,Q2,74.94,25.06,168.52
EW100636,2025-05-01,2025,5,May,Kolkata,West Bengal,Tablet,Retailer,Formal,2434,1775.39,658.61,2003.9,430.1,228.26,2,158885.06,82.33,93.75,83.78,Plastic,Material Recovery,Q2,72.94,27.06,79.29
EW101034,2025-05-01,2025,5,May,Kolkata,West Bengal,Small Appliance,Scrap Dealer,Informal,1099,205.39,893.61,700.89,398.11,46.58,3,110934.73,63.77,42.29,47.06,Glass,Manual Sorting,Q2,18.69,81.31,158.28
EW101060,2025-05-01,2025,5,May,Kolkata,West Bengal,Small Appliance,Authorized Collection Center,Formal,1079,808.55,270.45,988.71,90.29,51.69,2,161491.21,91.63,88.91,80.92,Plastic,Refurbishment,Q2,74.94,25.06,163.34
EW100296,2025-06-01,2025,6,Jun,Ahmedabad,Gujarat,Television,Authorized Collection Center,Formal,1705,1577.58,127.42,1491.06,213.94,137.27,2,143759.7,87.45,94.05,75.76,Non-ferrous Metals,Manual Sorting,Q2,92.53,7.47,96.41
EW100478,2025-06-01,2025,6,Jun,Surat,Gujarat,Refrigerator,Informal Collector,Informal,2804,607.46,2196.54,1306.28,1497.72,103.67,4,65102.83,46.59,21.42,61.99,Precious Metals,Material Recovery,Q2,21.66,78.34,49.84
EW100861,2025-06-01,2025,6,Jun,Surat,Gujarat,Small Appliance,Scrap Dealer,Informal,4280,495.53,3784.47,2290.7,1989.3,143.92,12,215135.71,53.52,11.67,21.04,Copper,Refurbishment,Q2,11.58,88.42,93.92
EW100913,2025-06-01,2025,6,Jun,Surat,Gujarat,Television,Municipal Collection,Formal,3481,2819.09,661.91,2501.38,979.62,303.7,8,449063.32,71.86,84.01,89.38,Glass,Material Recovery,Q2,80.99,19.01,179.53
EW100756,2025-06-01,2025,6,Jun,Mysuru,Karnataka,Television,Producer Take-back,Formal,416,307.6,108.4,381.79,34.21,13.25,1,38958.03,91.78,84.9,81.15,Ferrous Metals,Dismantling,Q2,73.94,26.06,102.04
EW100937,2025-06-01,2025,6,Jun,Mysuru,Karnataka,Printer,Scrap Dealer,Informal,456,24.22,431.78,278.96,177.04,35.26,1,14426.95,61.18,42.11,56.95,Non-ferrous Metals,Dismantling,Q2,5.31,94.69,51.72
EW101139,2025-06-01,2025,6,Jun,Mysuru,Karnataka,Printer,Retailer,Formal,3134,2461.83,672.17,2441.69,692.31,313.36,5,400281.68,77.91,83.31,83.86,Glass,Material Recovery,Q2,78.55,21.45,163.94
EW100043,2025-06-01,2025,6,Jun,Kochi,Kerala,Mobile Phone,Authorized Collection Center,Formal,3358,3102.84,255.16,2841.65,516.35,344.04,7,353795.08,84.62,98.53,89.59,Non-ferrous Metals,Landfill/Disposal,Q2,92.4,7.6,124.5
EW100735,2025-06-01,2025,6,Jun,Kochi,Kerala,Television,Authorized Collection Center,Formal,1333,989.86,343.14,1149.64,183.36,46.31,1,91134.55,86.24,96.52,90.39,Non-ferrous Metals,Landfill/Disposal,Q2,74.26,25.74,79.27
EW100927,2025-06-01,2025,6,Jun,Bhopal,Madhya Pradesh,Desktop/PC,Producer Take-back,Formal,4151,3024.61,1126.39,3082.85,1068.15,182.27,9,230814.86,74.27,78.32,77.87,Ferrous Metals,Repair & Reuse,Q2,72.86,27.14,74.87
EW100198,2025-06-01,2025,6,Jun,Indore,Madhya Pradesh,Small Appliance,Authorized Collection Center,Formal,2921,2732.31,188.69,2210.03,710.97,91.39,6,344656.57,75.66,92.77,78.43,Mixed/Other,Manual Sorting,Q2,93.54,6.46,155.95
EW100100,2025-06-01,2025,6,Jun,Mumbai,Maharashtra,Monitor,Producer Take-back,Formal,3254,2455.16,798.84,2692.88,561.12,299.54,7,172403.13,82.76,79.02,77.51,Plastic,Manual Sorting,Q2,75.45,24.55,64.02
EW100544,2025-06-01,2025,6,Jun,Mumbai,Maharashtra,Tablet,Retailer,Formal,4163,3079.22,1083.78,3455.44,707.56,365.66,9,267501.97,83.0,79.02,84.1,Glass,Landfill/Disposal,Q2,73.97,26.03,77.41
EW100281,2025-06-01,2025,6,Jun,Nagpur,Maharashtra,Laptop,Authorized Collection Center,Formal,2865,2735.59,129.41,2398.01,466.99,234.63,5,212990.12,83.7,93.86,81.07,Non-ferrous Metals,Material Recovery,Q2,95.48,4.52,88.82
EW101094,2025-06-01,2025,6,Jun,Nagpur,Maharashtra,Refrigerator,Retailer,Formal,2580,2404.17,175.83,2350.19,229.81,134.25,4,344098.15,91.09,81.93,84.82,Non-ferrous Metals,Dismantling,Q2,93.18,6.82,146.41
EW101172,2025-06-01,2025,6,Jun,Nashik,Maharashtra,Television,Producer Take-back,Formal,3416,2820.15,595.85,2924.5,491.5,326.22,6,485446.25,85.61,80.55,77.07,Precious Metals,Refurbishment,Q2,82.56,17.44,165.99
EW100850,2025-06-01,2025,6,Jun,Pune,Maharashtra,Tablet,Producer Take-back,Formal,2875,2184.28,690.72,2004.46,870.54,142.12,2,160955.93,69.72,87.35,89.13,Precious Metals,Repair & Reuse,Q2,75.97,24.03,80.3
EW101012,2025-06-01,2025,6,Jun,Pune,Maharashtra,Mobile Phone,Authorized Collection Center,Formal,1354,1299.07,54.93,1041.81,312.19,151.28,3,37389.08,76.94,86.14,75.59,Non-ferrous Metals,Landfill/Disposal,Q2,95.94,4.06,35.89
EW100081,2025-06-01,2025,6,Jun,Jaipur,Rajasthan,Television,Municipal Collection,Formal,3890,2871.63,1018.37,2654.79,1235.21,135.14,3,107390.47,68.25,86.51,88.94,Glass,Refurbishment,Q2,73.82,26.18,40.45
EW100432,2025-06-01,2025,6,Jun,Jaipur,Rajasthan,Mobile Phone,Producer Take-back,Formal,1662,1309.01,352.99,1296.55,365.45,190.91,3,202354.31,78.01,92.05,77.7,Ferrous Metals,Manual Sorting,Q2,78.76,21.24,156.07
EW100534,2025-06-01,2025,6,Jun,Chennai,Tamil Nadu,Desktop/PC,Scrap Dealer,Informal,3219,489.13,2729.87,1321.4,1897.6,344.29,9,120227.02,41.05,32.59,47.11,Aluminium,Manual Sorting,Q2,15.2,84.8,90.98
EW100814,2025-06-01,2025,6,Jun,Chennai,Tamil Nadu,Laptop,Producer Take-back,Formal,2998,2239.3,758.7,2691.63,306.37,131.16,2,344683.62,89.78,86.33,96.79,Aluminium,Material Recovery,Q2,74.69,25.31,128.06
EW101122,2025-06-01,2025,6,Jun,Chennai,Tamil Nadu,Printer,Scrap Dealer,Informal,2083,493.13,1589.87,593.6,1489.4,180.74,6,66109.09,28.5,42.07,21.42,Mixed/Other,Repair & Reuse,Q2,23.67,76.33,111.37
EW100097,2025-06-01,2025,6,Jun,Lucknow,Uttar Pradesh,Refrigerator,Informal Collector,Informal,1955,257.82,1697.18,645.56,1309.44,145.15,3,77070.77,33.02,15.76,55.89,Plastic,Manual Sorting,Q2,13.19,86.81,119.39
EW101051,2025-06-01,2025,6,Jun,Lucknow,Uttar Pradesh,Laptop,Informal Collector,Informal,4246,575.27,3670.73,2185.1,2060.9,390.52,19,87194.47,51.46,21.17,55.31,Mixed/Other,Manual Sorting,Q2,13.55,86.45,39.9
EW100276,2025-06-01,2025,6,Jun,Kolkata,West Bengal,Laptop,Producer Take-back,Formal,716,571.83,144.17,668.46,47.54,32.44,1,98688.42,93.36,76.84,98.68,Mixed/Other,Landfill/Disposal,Q2,79.86,20.14,147.64
EW100802,2025-06-01,2025,6,Jun,Kolkata,West Bengal,Monitor,Scrap Dealer,Informal,4842,148.73,4693.27,2342.11,2499.89,166.42,17,353798.24,48.37,28.4,64.87,Precious Metals,Refurbishment,Q2,3.07,96.93,151.06
EW100985,2025-06-01,2025,6,Jun,Kolkata,West Bengal,Printer,Scrap Dealer,Informal,2532,542.02,1989.98,1042.2,1489.8,230.54,10,186376.23,41.16,18.82,38.5,Mixed/Other,Dismantling,Q2,21.41,78.59,178.83
EW100033,2025-07-01,2025,7,Jul,Delhi,Delhi,Printer,Informal Collector,Informal,4926,281.66,4644.34,2731.98,2194.02,421.86,9,128937.15,55.46,33.04,23.27,Non-ferrous Metals,Material Recovery,Q3,5.72,94.28,47.2
EW100602,2025-07-01,2025,7,Jul,Delhi,Delhi,Mobile Phone,Informal Collector,Informal,3852,1064.06,2787.94,1816.69,2035.31,438.26,5,260685.71,47.16,41.12,26.29,Mixed/Other,Material Recovery,Q3,27.62,72.38,143.49
EW100188,2025-07-01,2025,7,Jul,Ahmedabad,Gujarat,Laptop,Informal Collector,Informal,1009,241.0,768.0,486.43,522.57,81.1,1,28829.17,48.21,43.88,30.28,Mixed/Other,Material Recovery,Q3,23.89,76.11,59.27
EW100743,2025-07-01,2025,7,Jul,Ahmedabad,Gujarat,Television,Authorized Collection Center,Formal,1824,1609.1,214.9,1329.96,494.04,131.78,3,148647.16,72.91,84.49,82.74,Glass,Material Recovery,Q3,88.22,11.78,111.77
EW101065,2025-07-01,2025,7,Jul,Ahmedabad,Gujarat,Laptop,Authorized Collection Center,Formal,1309,1014.15,294.85,1066.6,242.4,102.71,1,48508.57,81.48,92.87,93.19,Precious Metals,Refurbishment,Q3,77.48,22.52,45.48
EW100572,2025-07-01,2025,7,Jul,Surat,Gujarat,Refrigerator,Authorized Collection Center,Formal,4412,3241.16,1170.84,3092.74,1319.26,526.57,9,521709.08,70.1,79.68,98.05,Plastic,Repair & Reuse,Q3,73.46,26.54,168.69
EW100646,2025-07-01,2025,7,Jul,Surat,Gujarat,Laptop,Informal Collector,Informal,2587,297.31,2289.69,1279.52,1307.48,239.67,6,64813.76,49.46,7.79,46.5,Ferrous Metals,Repair & Reuse,Q3,11.49,88.51,50.65
EW100747,2025-07-01,2025,7,Jul,Surat,Gujarat,Television,Retailer,Formal,827,597.74,229.26,656.8,170.2,87.57,1,52642.07,79.42,95.92,78.74,Ferrous Metals,Repair & Reuse,Q3,72.28,27.72,80.15
EW101116,2025-07-01,2025,7,Jul,Surat,Gujarat,Monitor,Informal Collector,Informal,4143,918.72,3224.28,2227.72,1915.28,171.47,6,361562.64,53.77,8.19,26.68,Aluminium,Manual Sorting,Q3,22.18,77.82,162.3
EW100866,2025-07-01,2025,7,Jul,Bengaluru,Karnataka,Laptop,Retailer,Formal,4562,3313.24,1248.76,4167.02,394.98,350.13,7,665911.41,91.34,97.87,85.16,Glass,Manual Sorting,Q3,72.63,27.37,159.81
EW100874,2025-07-01,2025,7,Jul,Bengaluru,Karnataka,Monitor,Authorized Collection Center,Formal,1998,1912.07,85.93,1877.06,120.94,92.41,1,140559.79,93.95,95.04,82.05,Ferrous Metals,Refurbishment,Q3,95.7,4.3,74.88
EW101068,2025-07-01,2025,7,Jul,Bengaluru,Karnataka,Monitor,Producer Take-back,Formal,1396,1051.99,344.01,1292.64,103.36,131.32,2,138847.3,92.6,86.39,77.64,Precious Metals,Landfill/Disposal,Q3,75.36,24.64,107.41
EW100120,2025-07-01,2025,7,Jul,Mysuru,Karnataka,Laptop,Scrap Dealer,Informal,524,45.43,478.57,332.83,191.17,38.52,2,38203.12,63.52,6.74,48.49,Plastic,Manual Sorting,Q3,8.67,91.33,114.78
EW100423,2025-07-01,2025,7,Jul,Mysuru,Karnataka,Printer,Authorized Collection Center,Formal,3637,3551.48,85.52,2736.3,900.7,238.54,7,419050.19,75.23,85.02,82.43,Plastic,Landfill/Disposal,Q3,97.65,2.35,153.14
EW100557,2025-07-01,2025,7,Jul,Mysuru,Karnataka,Printer,Scrap Dealer,Informal,2930,159.59,2770.41,1640.42,1289.58,157.73,13,228664.46,55.99,35.15,29.86,Copper,Manual Sorting,Q3,5.45,94.55,139.39
EW100792,2025-07-01,2025,7,Jul,Mysuru,Karnataka,Mobile Phone,Retailer,Formal,988,871.89,116.11,872.16,115.84,99.35,1,139024.92,88.28,84.39,96.33,Precious Metals,Manual Sorting,Q3,88.25,11.75,159.4
EW100903,2025-07-01,2025,7,Jul,Mysuru,Karnataka,Printer,Producer Take-back,Formal,1355,1250.92,104.08,974.8,380.2,119.57,3,130210.8,71.94,94.46,77.62,Aluminium,Dismantling,Q3,92.32,7.68,133.58
EW101050,2025-07-01,2025,7,Jul,Mysuru,Karnataka,Desktop/PC,Informal Collector,Informal,3827,645.96,3181.04,1250.83,2576.17,388.1,6,221986.77,32.68,39.61,46.08,Ferrous Metals,Repair & Reuse,Q3,16.88,83.12,177.47
EW100364,2025-07-01,2025,7,Jul,Kochi,Kerala,Laptop,Authorized Collection Center,Formal,1153,921.98,231.02,881.8,271.2,41.95,1,141142.76,76.48,80.59,91.68,Aluminium,Manual Sorting,Q3,79.96,20.04,160.06
EW100197,2025-07-01,2025,7,Jul,Bhopal,Madhya Pradesh,Monitor,Municipal Collection,Formal,4858,4599.23,258.77,3969.37,888.63,422.3,9,610769.49,81.71,83.0,92.59,Aluminium,Refurbishment,Q3,94.67,5.33,153.87
EW100111,2025-07-01,2025,7,Jul,Indore,Madhya Pradesh,Television,Producer Take-back,Formal,4003,3013.03,989.97,2860.17,1142.83,171.8,9,404056.74,71.45,78.9,79.52,Precious Metals,Manual Sorting,Q3,75.27,24.73,141.27
EW100392,2025-07-01,2025,7,Jul,Mumbai,Maharashtra,Refrigerator,Informal Collector,Informal,945,112.2,832.8,469.55,475.45,110.83,3,79249.4,49.69,35.49,46.63,Mixed/Other,Manual Sorting,Q3,11.87,88.13,168.78
EW100299,2025-07-01,2025,7,Jul,Nagpur,Maharashtra,Mobile Phone,Informal Collector,Informal,486,76.89,409.11,127.85,358.15,35.38,1,7463.4,26.31,31.26,63.7,Ferrous Metals,Refurbishment,Q3,15.82,84.18,58.38
EW100156,2025-07-01,2025,7,Jul,Nashik,Maharashtra,Mobile Phone,Producer Take-back,Formal,4793,3802.62,990.38,3585.37,1207.63,250.33,11,255221.86,74.8,81.53,93.23,Non-ferrous Metals,Refurbishment,Q3,79.34,20.66,71.18
EW101187,2025-07-01,2025,7,Jul,Nashik,Maharashtra,Laptop,Scrap Dealer,Informal,635,167.71,467.29,410.9,224.1,73.87,1,17224.07,64.71,10.9,35.7,Copper,Material Recovery,Q3,26.41,73.59,41.92
EW100694,2025-07-01,2025,7,Jul,Jaipur,Rajasthan,Monitor,Municipal Collection,Formal,2224,1786.12,437.88,1980.94,243.06,204.77,4,269858.07,89.07,82.46,77.39,Glass,Landfill/Disposal,Q3,80.31,19.69,136.23
EW100805,2025-07-01,2025,7,Jul,Jaipur,Rajasthan,Laptop,Municipal Collection,Formal,2136,2044.8,91.2,1559.55,576.45,138.93,5,151168.37,73.01,88.31,76.93,Ferrous Metals,Manual Sorting,Q3,95.73,4.27,96.93
EW100581,2025-07-01,2025,7,Jul,Chennai,Tamil Nadu,Television,Informal Collector,Informal,3418,842.7,2575.3,2220.2,1197.8,289.5,9,150207.87,64.96,15.28,41.58,Aluminium,Refurbishment,Q3,24.65,75.35,67.66
EW100910,2025-07-01,2025,7,Jul,Chennai,Tamil Nadu,Laptop,Authorized Collection Center,Formal,693,602.43,90.57,621.34,71.66,63.71,1,52082.18,89.66,78.47,80.59,Ferrous Metals,Dismantling,Q3,86.93,13.07,83.82
EW100052,2025-07-01,2025,7,Jul,Hyderabad,Telangana,Printer,Municipal Collection,Formal,85,69.99,15.01,79.23,5.77,9.17,1,5735.59,93.21,79.1,91.05,Ferrous Metals,Dismantling,Q3,82.34,17.66,72.39
EW100274,2025-07-01,2025,7,Jul,Hyderabad,Telangana,Small Appliance,Scrap Dealer,Informal,3936,951.18,2984.82,2460.73,1475.27,148.23,11,111471.33,62.52,13.43,30.32,Glass,Dismantling,Q3,24.17,75.83,45.3
EW100413,2025-07-01,2025,7,Jul,Hyderabad,Telangana,Desktop/PC,Authorized Collection Center,Formal,3635,3148.29,486.71,2577.59,1057.41,308.45,6,386223.39,70.91,98.68,81.02,Precious Metals,Landfill/Disposal,Q3,86.61,13.39,149.84
EW100141,2025-07-01,2025,7,Jul,Lucknow,Uttar Pradesh,Small Appliance,Municipal Collection,Formal,2626,2017.16,608.84,1904.55,721.45,102.03,5,277748.93,72.53,81.36,75.5,Mixed/Other,Repair & Reuse,Q3,76.81,23.19,145.83
EW100828,2025-07-01,2025,7,Jul,Lucknow,Uttar Pradesh,Mobile Phone,Producer Take-back,Formal,1516,1442.66,73.34,1131.94,384.06,172.43,2,171089.15,74.67,84.53,80.09,Glass,Dismantling,Q3,95.16,4.84,151.15
EW100476,2025-07-01,2025,7,Jul,Kolkata,West Bengal,Laptop,Informal Collector,Informal,3571,147.5,3423.5,1172.69,2398.31,410.45,17,105023.13,32.84,41.93,44.52,Non-ferrous Metals,Manual Sorting,Q3,4.13,95.87,89.56
EW100420,2025-08-01,2025,8,Aug,Guwahati,Assam,Air Conditioner,Municipal Collection,Formal,2555,2138.61,416.39,2352.43,202.57,228.42,3,127159.97,92.07,81.3,88.95,Ferrous Metals,Landfill/Disposal,Q3,83.7,16.3,54.05
EW100738,2025-08-01,2025,8,Aug,Guwahati,Assam,Laptop,Producer Take-back,Formal,3955,3760.28,194.72,2980.43,974.57,274.54,5,135666.97,75.36,91.16,94.8,Plastic,Refurbishment,Q3,95.08,4.92,45.52
EW100687,2025-08-01,2025,8,Aug,Delhi,Delhi,Small Appliance,Informal Collector,Informal,841,173.52,667.48,357.35,483.65,55.77,1,38766.09,42.49,10.06,41.45,Plastic,Repair & Reuse,Q3,20.63,79.37,108.48
EW100158,2025-08-01,2025,8,Aug,Ahmedabad,Gujarat,Small Appliance,Informal Collector,Informal,1529,359.69,1169.31,864.02,664.98,131.8,4,152960.83,56.51,10.8,52.63,Copper,Refurbishment,Q3,23.52,76.48,177.03
EW100995,2025-08-01,2025,8,Aug,Surat,Gujarat,Laptop,Producer Take-back,Formal,3278,2666.27,611.73,2840.72,437.28,278.69,3,254362.31,86.66,86.23,85.07,Aluminium,Dismantling,Q3,81.34,18.66,89.54
EW100112,2025-08-01,2025,8,Aug,Bengaluru,Karnataka,Tablet,Authorized Collection Center,Formal,3953,3526.17,426.83,3693.86,259.14,251.75,3,260052.59,93.44,94.94,95.75,Ferrous Metals,Repair & Reuse,Q3,89.2,10.8,70.4
EW100379,2025-08-01,2025,8,Aug,Bengaluru,Karnataka,Desktop/PC,Authorized Collection Center,Formal,4401,3956.9,444.1,3624.24,776.76,227.82,6,635411.35,82.35,90.79,88.55,Glass,Refurbishment,Q3,89.91,10.09,175.32
EW100468,2025-08-01,2025,8,Aug,Bengaluru,Karnataka,Laptop,Scrap Dealer,Informal,898,218.74,679.26,301.02,596.98,76.06,1,38604.26,33.52,35.5,46.32,Precious Metals,Manual Sorting,Q3,24.36,75.64,128.24
EW100594,2025-08-01,2025,8,Aug,Bengaluru,Karnataka,Television,Authorized Collection Center,Formal,2271,1665.0,606.0,2091.21,179.79,264.68,2,278290.99,92.08,77.21,92.51,Ferrous Metals,Refurbishment,Q3,73.32,26.68,133.08
EW100774,2025-08-01,2025,8,Aug,Bengaluru,Karnataka,Small Appliance,Municipal Collection,Formal,1759,1531.66,227.34,1365.38,393.62,55.67,1,197110.61,77.62,86.32,78.6,Aluminium,Landfill/Disposal,Q3,87.08,12.92,144.36
EW100978,2025-08-01,2025,8,Aug,Bengaluru,Karnataka,Laptop,Authorized Collection Center,Formal,1964,1570.53,393.47,1575.53,388.47,62.39,4,150568.49,80.22,87.61,77.75,Glass,Dismantling,Q3,79.97,20.03,95.57
EW100590,2025-08-01,2025,8,Aug,Mysuru,Karnataka,Printer,Informal Collector,Informal,3162,819.48,2342.52,860.26,2301.74,328.4,5,75909.18,27.21,26.69,26.66,Non-ferrous Metals,Landfill/Disposal,Q3,25.92,74.08,88.24
EW100116,2025-08-01,2025,8,Aug,Kochi,Kerala,Television,Authorized Collection Center,Formal,3418,2997.23,420.77,2918.07,499.93,293.11,5,262827.23,85.37,95.72,87.46,Aluminium,Repair & Reuse,Q3,87.69,12.31,90.07
EW100550,2025-08-01,2025,8,Aug,Kochi,Kerala,Monitor,Authorized Collection Center,Formal,4618,4379.46,238.54,3773.3,844.7,525.01,7,400404.68,81.71,77.87,94.26,Aluminium,Landfill/Disposal,Q3,94.83,5.17,106.12
EW100917,2025-08-01,2025,8,Aug,Kochi,Kerala,Television,Scrap Dealer,Informal,2515,543.65,1971.35,1215.35,1299.65,287.28,11,101158.24,48.32,8.39,62.49,Glass,Manual Sorting,Q3,21.62,78.38,83.23
EW101070,2025-08-01,2025,8,Aug,Kochi,Kerala,Printer,Authorized Collection Center,Formal,947,915.07,31.93,878.89,68.11,112.83,2,54743.27,92.81,80.09,83.17,Copper,Landfill/Disposal,Q3,96.63,3.37,62.29
EW100843,2025-08-01,2025,8,Aug,Bhopal,Madhya Pradesh,Small Appliance,Informal Collector,Informal,1969,72.1,1896.9,622.99,1346.01,112.4,6,91956.45,31.64,17.85,36.04,Plastic,Landfill/Disposal,Q3,3.66,96.34,147.61
EW101142,2025-08-01,2025,8,Aug,Bhopal,Madhya Pradesh,Television,Retailer,Formal,3142,2996.72,145.28,2727.31,414.69,102.49,2,299715.7,86.8,86.62,85.63,Ferrous Metals,Refurbishment,Q3,95.38,4.62,109.89
EW100380,2025-08-01,2025,8,Aug,Indore,Madhya Pradesh,Monitor,Scrap Dealer,Informal,3983,565.39,3417.61,2271.81,1711.19,184.07,7,370609.13,57.04,18.72,50.77,Aluminium,Dismantling,Q3,14.2,85.8,163.13
EW100452,2025-08-01,2025,8,Aug,Mumbai,Maharashtra,Laptop,Authorized Collection Center,Formal,2331,2152.09,178.91,1708.57,622.43,124.61,2,158756.18,73.3,85.05,87.35,Plastic,Manual Sorting,Q3,92.32,7.68,92.92
EW100713,2025-08-01,2025,8,Aug,Mumbai,Maharashtra,Tablet,Scrap Dealer,Informal,3594,715.95,2878.05,2248.56,1345.44,188.68,12,303540.69,62.56,32.17,31.35,Glass,Refurbishment,Q3,19.92,80.08,134.99
EW100008,2025-08-01,2025,8,Aug,Nashik,Maharashtra,Small Appliance,Producer Take-back,Formal,1758,1611.11,146.89,1300.02,457.98,64.92,2,75891.33,73.95,97.31,94.39,Ferrous Metals,Manual Sorting,Q3,91.64,8.36,58.38
EW100305,2025-08-01,2025,8,Aug,Nashik,Maharashtra,Laptop,Authorized Collection Center,Formal,1058,856.88,201.12,904.04,153.96,108.43,2,84103.95,85.45,93.8,81.38,Plastic,Dismantling,Q3,80.99,19.01,93.03
EW100315,2025-08-01,2025,8,Aug,Pune,Maharashtra,Television,Retailer,Formal,2443,2181.59,261.41,1979.28,463.72,215.08,2,192574.82,81.02,81.69,78.1,Copper,Repair & Reuse,Q3,89.3,10.7,97.3
EW100429,2025-08-01,2025,8,Aug,Pune,Maharashtra,Laptop,Retailer,Formal,2838,2263.21,574.79,2265.63,572.37,126.91,3,283340.78,79.83,82.24,96.59,Glass,Refurbishment,Q3,79.75,20.25,125.06
EW100765,2025-08-01,2025,8,Aug,Pune,Maharashtra,Mobile Phone,Retailer,Formal,3747,3256.21,490.79,3449.85,297.15,330.04,5,586131.98,92.07,93.84,79.8,Glass,Dismantling,Q3,86.9,13.1,169.9
EW100940,2025-08-01,2025,8,Aug,Pune,Maharashtra,Mobile Phone,Informal Collector,Informal,2166,518.86,1647.14,934.24,1231.76,206.59,3,86345.66,43.13,44.33,56.38,Copper,Dismantling,Q3,23.95,76.05,92.42
EW100635,2025-08-01,2025,8,Aug,Jaipur,Rajasthan,Laptop,Scrap Dealer,Informal,3458,536.85,2921.15,1648.95,1809.05,278.38,10,246745.0,47.69,10.34,33.98,Copper,Refurbishment,Q3,15.52,84.48,149.64
EW100690,2025-08-01,2025,8,Aug,Jaipur,Rajasthan,Television,Scrap Dealer,Informal,1412,154.18,1257.82,584.96,827.04,133.91,4,100506.66,41.43,6.68,42.64,Copper,Landfill/Disposal,Q3,10.92,89.08,171.82
EW101121,2025-08-01,2025,8,Aug,Jaipur,Rajasthan,Tablet,Informal Collector,Informal,628,18.38,609.62,392.04,235.96,51.97,1,22198.91,62.43,38.18,57.64,Plastic,Refurbishment,Q3,2.93,97.07,56.62
EW101155,2025-08-01,2025,8,Aug,Jaipur,Rajasthan,Desktop/PC,Informal Collector,Informal,4293,628.08,3664.92,1933.98,2359.02,221.2,15,191998.72,45.05,22.87,36.32,Plastic,Repair & Reuse,Q3,14.63,85.37,99.28
EW101184,2025-08-01,2025,8,Aug,Jaipur,Rajasthan,Laptop,Informal Collector,Informal,1848,138.0,1710.0,526.87,1321.13,81.34,7,73352.31,28.51,6.83,29.15,Glass,Landfill/Disposal,Q3,7.47,92.53,139.22
EW100166,2025-08-01,2025,8,Aug,Chennai,Tamil Nadu,Monitor,Informal Collector,Informal,654,95.61,558.39,195.53,458.47,62.3,1,35112.33,29.9,44.19,49.53,Mixed/Other,Material Recovery,Q3,14.62,85.38,179.58
EW100263,2025-08-01,2025,8,Aug,Lucknow,Uttar Pradesh,Laptop,Informal Collector,Informal,3126,693.86,2432.14,1808.89,1317.11,223.62,15,269655.92,57.87,35.95,53.65,Ferrous Metals,Repair & Reuse,Q3,22.2,77.8,149.07
EW100835,2025-08-01,2025,8,Aug,Lucknow,Uttar Pradesh,Desktop/PC,Authorized Collection Center,Formal,3329,2439.99,889.01,2491.94,837.06,119.35,4,388125.84,74.86,82.83,92.47,Mixed/Other,Dismantling,Q3,73.29,26.71,155.75
EW100236,2025-09-01,2025,9,Sep,Guwahati,Assam,Television,Informal Collector,Informal,1553,114.0,1439.0,625.2,927.8,183.85,6,88375.67,40.26,9.65,55.14,Mixed/Other,Landfill/Disposal,Q3,7.34,92.66,141.36
EW100363,2025-09-01,2025,9,Sep,Guwahati,Assam,Desktop/PC,Informal Collector,Informal,462,66.56,395.44,262.06,199.94,54.66,2,44657.46,56.72,21.09,41.1,Mixed/Other,Manual Sorting,Q3,14.41,85.59,170.41
EW100739,2025-09-01,2025,9,Sep,Guwahati,Assam,Printer,Authorized Collection Center,Formal,211,178.64,32.36,188.09,22.91,24.46,1,31381.78,89.14,87.29,83.64,Aluminium,Manual Sorting,Q3,84.66,15.34,166.84
EW100963,2025-09-01,2025,9,Sep,Delhi,Delhi,Mobile Phone,Authorized Collection Center,Formal,3526,3371.56,154.44,2604.71,921.29,279.38,8,278761.94,73.87,84.45,86.6,Non-ferrous Metals,Refurbishment,Q3,95.62,4.38,107.02
EW100381,2025-09-01,2025,9,Sep,Ahmedabad,Gujarat,Mobile Phone,Informal Collector,Informal,4602,196.22,4405.78,1522.62,3079.38,363.99,10,173389.64,33.09,14.26,58.2,Mixed/Other,Refurbishment,Q3,4.26,95.74,113.88
EW100810,2025-09-01,2025,9,Sep,Bengaluru,Karnataka,Television,Retailer,Formal,4050,3538.86,511.14,3420.55,629.45,140.83,4,514252.02,84.46,76.19,95.52,Non-ferrous Metals,Landfill/Disposal,Q3,87.38,12.62,150.34
EW100853,2025-09-01,2025,9,Sep,Bengaluru,Karnataka,Laptop,Producer Take-back,Formal,2182,1739.37,442.63,1815.43,366.57,148.11,5,78302.35,83.2,89.19,95.6,Glass,Manual Sorting,Q3,79.71,20.29,43.13
EW101189,2025-09-01,2025,9,Sep,Indore,Madhya Pradesh,Printer,Retailer,Formal,340,316.23,23.77,254.26,85.74,34.66,1,10122.55,74.78,87.41,79.72,Ferrous Metals,Manual Sorting,Q3,93.01,6.99,39.81
EW100558,2025-09-01,2025,9,Sep,Mumbai,Maharashtra,Laptop,Producer Take-back,Formal,561,443.35,117.65,501.49,59.51,43.0,1,40416.38,89.39,88.94,92.52,Non-ferrous Metals,Dismantling,Q3,79.03,20.97,80.59
EW100689,2025-09-01,2025,9,Sep,Mumbai,Maharashtra,Printer,Informal Collector,Informal,4182,711.08,3470.92,1618.04,2563.96,157.03,20,86470.51,38.69,7.89,59.53,Non-ferrous Metals,Material Recovery,Q3,17.0,83.0,53.44
EW100776,2025-09-01,2025,9,Sep,Mumbai,Maharashtra,Small Appliance,Municipal Collection,Formal,523,417.83,105.17,370.41,152.59,37.94,1,59933.3,70.82,92.98,97.53,Copper,Repair & Reuse,Q3,79.89,20.11,161.8
EW101096,2025-09-01,2025,9,Sep,Mumbai,Maharashtra,Mobile Phone,Authorized Collection Center,Formal,4925,4175.93,749.07,4402.26,522.74,327.72,12,645903.41,89.39,98.18,87.34,Glass,Manual Sorting,Q3,84.79,15.21,146.72
EW100326,2025-09-01,2025,9,Sep,Nagpur,Maharashtra,Printer,Informal Collector,Informal,1724,149.56,1574.44,985.5,738.5,117.81,8,47710.79,57.16,36.21,50.32,Ferrous Metals,Landfill/Disposal,Q3,8.68,91.32,48.41
EW100994,2025-09-01,2025,9,Sep,Nagpur,Maharashtra,Mobile Phone,Informal Collector,Informal,1248,242.68,1005.32,646.38,601.62,112.4,4,56678.13,51.79,34.21,33.44,Copper,Manual Sorting,Q3,19.45,80.55,87.69
EW100135,2025-09-01,2025,9,Sep,Nashik,Maharashtra,Air Conditioner,Authorized Collection Center,Formal,2228,1960.54,267.46,1692.45,535.55,191.94,3,163798.52,75.96,78.14,96.28,Aluminium,Manual Sorting,Q3,88.0,12.0,96.78
EW100525,2025-09-01,2025,9,Sep,Pune,Maharashtra,Monitor,Retailer,Formal,1185,856.59,328.41,934.17,250.83,52.08,2,128705.5,78.83,79.27,96.32,Mixed/Other,Dismantling,Q3,72.29,27.71,137.78
EW100318,2025-09-01,2025,9,Sep,Jaipur,Rajasthan,Air Conditioner,Informal Collector,Informal,2430,86.47,2343.53,734.81,1695.19,205.43,10,30512.5,30.24,34.37,35.36,Non-ferrous Metals,Refurbishment,Q3,3.56,96.44,41.52
EW100114,2025-09-01,2025,9,Sep,Chennai,Tamil Nadu,Small Appliance,Scrap Dealer,Informal,3908,654.29,3253.71,2131.34,1776.66,426.23,11,175664.95,54.54,31.7,56.35,Non-ferrous Metals,Manual Sorting,Q3,16.74,83.26,82.42
EW100526,2025-09-01,2025,9,Sep,Chennai,Tamil Nadu,Refrigerator,Scrap Dealer,Informal,912,227.43,684.57,386.28,525.72,88.72,4,54123.96,42.36,9.57,43.32,Precious Metals,Repair & Reuse,Q3,24.94,75.06,140.12
EW100898,2025-09-01,2025,9,Sep,Chennai,Tamil Nadu,Television,Informal Collector,Informal,1798,315.62,1482.38,1064.29,733.71,115.69,7,134117.73,59.19,20.03,26.35,Precious Metals,Manual Sorting,Q3,17.55,82.45,126.02
EW101073,2025-09-01,2025,9,Sep,Chennai,Tamil Nadu,Mobile Phone,Retailer,Formal,4693,4429.38,263.62,3787.12,905.88,152.13,9,345995.97,80.7,87.75,96.45,Plastic,Repair & Reuse,Q3,94.38,5.62,91.36
EW100727,2025-09-01,2025,9,Sep,Hyderabad,Telangana,Mobile Phone,Authorized Collection Center,Formal,3535,2777.19,757.81,3076.38,458.62,158.46,4,225823.21,87.03,83.4,92.0,Ferrous Metals,Dismantling,Q3,78.56,21.44,73.41
EW101180,2025-09-01,2025,9,Sep,Hyderabad,Telangana,Printer,Informal Collector,Informal,4573,1240.48,3332.52,1805.87,2767.13,405.14,17,168897.99,39.49,17.67,62.02,Non-ferrous Metals,Dismantling,Q3,27.13,72.87,93.53
EW100542,2025-09-01,2025,9,Sep,Lucknow,Uttar Pradesh,Printer,Authorized Collection Center,Formal,2479,1972.03,506.97,2254.36,224.64,107.17,4,397078.06,90.94,93.97,80.83,Plastic,Repair & Reuse,Q3,79.55,20.45,176.14
EW100660,2025-09-01,2025,9,Sep,Lucknow,Uttar Pradesh,Small Appliance,Producer Take-back,Formal,528,488.02,39.98,451.5,76.5,21.31,1,44709.54,85.51,97.68,78.4,Ferrous Metals,Dismantling,Q3,92.43,7.57,99.02
EW100887,2025-09-01,2025,9,Sep,Lucknow,Uttar Pradesh,Small Appliance,Producer Take-back,Formal,641,557.81,83.19,446.74,194.26,44.28,1,33298.83,69.69,79.58,96.19,Glass,Repair & Reuse,Q3,87.02,12.98,74.54
EW100983,2025-09-01,2025,9,Sep,Lucknow,Uttar Pradesh,Monitor,Authorized Collection Center,Formal,1709,1346.48,362.52,1285.96,423.04,191.14,3,60243.5,75.25,78.25,78.74,Ferrous Metals,Repair & Reuse,Q3,78.79,21.21,46.85
EW101045,2025-09-01,2025,9,Sep,Lucknow,Uttar Pradesh,Monitor,Informal Collector,Informal,341,13.15,327.85,184.32,156.68,25.91,1,19195.02,54.05,17.49,32.83,Copper,Dismantling,Q3,3.86,96.14,104.14
EW100719,2025-09-01,2025,9,Sep,Kolkata,West Bengal,Small Appliance,Retailer,Formal,3549,3362.87,186.13,2885.96,663.04,235.63,3,394275.5,81.32,97.24,84.01,Aluminium,Manual Sorting,Q3,94.76,5.24,136.62
EW101095,2025-09-01,2025,9,Sep,Kolkata,West Bengal,Mobile Phone,Informal Collector,Informal,1482,338.81,1143.19,429.81,1052.19,169.04,2,54590.79,29.0,31.9,50.59,Ferrous Metals,Manual Sorting,Q3,22.86,77.14,127.01
EW100323,2025-10-01,2025,10,Oct,Delhi,Delhi,Mobile Phone,Retailer,Formal,695,552.49,142.51,526.59,168.41,76.59,1,43072.62,75.77,88.3,78.56,Aluminium,Manual Sorting,Q4,79.49,20.51,81.8
EW100148,2025-10-01,2025,10,Oct,Ahmedabad,Gujarat,Laptop,Scrap Dealer,Informal,1002,199.25,802.75,400.9,601.1,78.64,3,63329.6,40.01,38.6,57.47,Aluminium,Landfill/Disposal,Q4,19.89,80.11,157.97
EW100149,2025-10-01,2025,10,Oct,Ahmedabad,Gujarat,Monitor,Scrap Dealer,Informal,3975,598.37,3376.63,1192.05,2782.95,257.12,14,176611.02,29.99,13.69,26.2,Aluminium,Manual Sorting,Q4,15.05,84.95,148.16
EW100297,2025-10-01,2025,10,Oct,Surat,Gujarat,Television,Authorized Collection Center,Formal,1716,1509.45,206.55,1279.7,436.3,140.69,2,197604.22,74.57,94.7,86.46,Copper,Landfill/Disposal,Q4,87.96,12.04,154.41
EW100695,2025-10-01,2025,10,Oct,Surat,Gujarat,Mobile Phone,Authorized Collection Center,Formal,1303,1134.17,168.83,911.48,391.52,149.72,1,152513.17,69.95,93.73,93.13,Plastic,Material Recovery,Q4,87.04,12.96,167.32
EW100750,2025-10-01,2025,10,Oct,Mysuru,Karnataka,Air Conditioner,Scrap Dealer,Informal,2003,297.07,1705.93,665.29,1337.71,192.99,7,47042.23,33.21,41.14,24.7,Ferrous Metals,Dismantling,Q4,14.83,85.17,70.71
EW100786,2025-10-01,2025,10,Oct,Kochi,Kerala,Television,Scrap Dealer,Informal,4358,747.97,3610.03,1490.37,2867.63,188.84,16,199374.59,34.2,35.09,42.66,Precious Metals,Material Recovery,Q4,17.16,82.84,133.78
EW101064,2025-10-01,2025,10,Oct,Kochi,Kerala,Printer,Retailer,Formal,2735,2590.0,145.0,2061.88,673.12,227.62,4,238678.0,75.39,92.36,84.16,Precious Metals,Material Recovery,Q4,94.7,5.3,115.76
EW101196,2025-10-01,2025,10,Oct,Kochi,Kerala,Mobile Phone,Municipal Collection,Formal,2133,1827.01,305.99,1913.37,219.63,70.35,2,197266.45,89.7,76.84,91.94,Aluminium,Material Recovery,Q4,85.65,14.35,103.1
EW100345,2025-10-01,2025,10,Oct,Bhopal,Madhya Pradesh,Small Appliance,Informal Collector,Informal,3583,178.56,3404.44,1598.6,1984.4,162.15,6,199092.83,44.62,13.31,46.45,Copper,Dismantling,Q4,4.98,95.02,124.54
EW101148,2025-10-01,2025,10,Oct,Bhopal,Madhya Pradesh,Refrigerator,Producer Take-back,Formal,2941,2234.4,706.6,2082.48,858.52,229.81,5,105092.46,70.81,98.14,88.76,Ferrous Metals,Landfill/Disposal,Q4,75.97,24.03,50.47
EW100587,2025-10-01,2025,10,Oct,Mumbai,Maharashtra,Laptop,Scrap Dealer,Informal,977,85.45,891.55,277.33,699.67,39.8,2,29821.01,28.39,38.62,51.56,Precious Metals,Repair & Reuse,Q4,8.75,91.25,107.53
EW100679,2025-10-01,2025,10,Oct,Mumbai,Maharashtra,Desktop/PC,Informal Collector,Informal,3035,70.09,2964.91,1114.64,1920.36,92.67,8,49220.64,36.73,41.54,38.71,Ferrous Metals,Repair & Reuse,Q4,2.31,97.69,44.16
EW100361,2025-10-01,2025,10,Oct,Nagpur,Maharashtra,Mobile Phone,Authorized Collection Center,Formal,767,617.81,149.19,653.64,113.36,74.91,1,112513.24,85.22,82.51,95.6,Ferrous Metals,Manual Sorting,Q4,80.55,19.45,172.13
EW100374,2025-10-01,2025,10,Oct,Nagpur,Maharashtra,Monitor,Authorized Collection Center,Formal,3628,2724.09,903.91,2629.17,998.83,264.44,7,145012.58,72.47,85.56,86.59,Non-ferrous Metals,Repair & Reuse,Q4,75.09,24.91,55.16
EW100987,2025-10-01,2025,10,Oct,Nagpur,Maharashtra,Refrigerator,Informal Collector,Informal,4911,781.83,4129.17,3058.14,1852.86,194.84,22,177676.93,62.27,24.35,29.83,Non-ferrous Metals,Landfill/Disposal,Q4,15.92,84.08,58.1
EW101117,2025-10-01,2025,10,Oct,Nashik,Maharashtra,Tablet,Scrap Dealer,Informal,4832,612.79,4219.21,1926.2,2905.8,274.06,9,105983.69,39.86,10.29,25.14,Ferrous Metals,Refurbishment,Q4,12.68,87.32,55.02
EW101119,2025-10-01,2025,10,Oct,Nashik,Maharashtra,Mobile Phone,Producer Take-back,Formal,1957,1455.89,501.11,1359.07,597.93,199.79,2,162253.55,69.45,85.65,75.53,Plastic,Refurbishment,Q4,74.39,25.61,119.39
EW101190,2025-10-01,2025,10,Oct,Pune,Maharashtra,Monitor,Authorized Collection Center,Formal,3032,2628.94,403.06,2162.96,869.04,227.12,5,338604.42,71.34,97.48,82.62,Ferrous Metals,Landfill/Disposal,Q4,86.71,13.29,156.55
EW100404,2025-10-01,2025,10,Oct,Jaipur,Rajasthan,Television,Retailer,Formal,649,528.6,120.4,599.63,49.37,35.57,1,81919.61,92.39,93.37,97.31,Non-ferrous Metals,Material Recovery,Q4,81.45,18.55,136.62
EW100278,2025-10-01,2025,10,Oct,Chennai,Tamil Nadu,Mobile Phone,Producer Take-back,Formal,609,544.13,64.87,537.16,71.84,65.53,1,60705.99,88.2,95.16,98.75,Ferrous Metals,Repair & Reuse,Q4,89.35,10.65,113.01
EW100960,2025-10-01,2025,10,Oct,Chennai,Tamil Nadu,Desktop/PC,Informal Collector,Informal,3529,634.39,2894.61,1841.68,1687.32,217.42,9,247172.54,52.19,13.62,38.88,Copper,Dismantling,Q4,17.98,82.02,134.21
EW101130,2025-10-01,2025,10,Oct,Chennai,Tamil Nadu,Laptop,Informal Collector,Informal,1506,204.48,1301.52,584.93,921.07,106.34,6,96994.54,38.84,6.99,43.59,Ferrous Metals,Manual Sorting,Q4,13.58,86.42,165.82
EW100244,2025-10-01,2025,10,Oct,Hyderabad,Telangana,Desktop/PC,Retailer,Formal,3981,3494.32,486.68,3403.54,577.46,148.5,9,532931.17,85.49,94.32,94.75,Plastic,Manual Sorting,Q4,87.77,12.23,156.58
EW100365,2025-10-01,2025,10,Oct,Hyderabad,Telangana,Desktop/PC,Authorized Collection Center,Formal,1987,1711.81,275.19,1855.27,131.73,125.62,2,157499.7,93.37,87.49,85.58,Copper,Manual Sorting,Q4,86.15,13.85,84.89
EW100911,2025-10-01,2025,10,Oct,Lucknow,Uttar Pradesh,Mobile Phone,Authorized Collection Center,Formal,945,769.9,175.1,662.33,282.67,103.79,1,95074.52,70.09,81.77,94.51,Aluminium,Dismantling,Q4,81.47,18.53,143.55
EW100449,2025-11-01,2025,11,Nov,Delhi,Delhi,Monitor,Municipal Collection,Formal,3225,3110.61,114.39,2991.95,233.05,166.22,6,310388.23,92.77,96.02,81.51,Copper,Manual Sorting,Q4,96.45,3.55,103.74
EW100473,2025-11-01,2025,11,Nov,Delhi,Delhi,Television,Informal Collector,Informal,921,75.61,845.39,579.97,341.03,52.92,1,59039.04,62.97,17.28,21.58,Mixed/Other,Material Recovery,Q4,8.21,91.79,101.8
EW100993,2025-11-01,2025,11,Nov,Delhi,Delhi,Printer,Informal Collector,Informal,2621,384.94,2236.06,850.84,1770.16,289.68,6,41044.51,32.46,35.0,27.9,Ferrous Metals,Refurbishment,Q4,14.69,85.31,48.24
EW100130,2025-11-01,2025,11,Nov,Ahmedabad,Gujarat,Refrigerator,Informal Collector,Informal,323,23.97,299.03,200.98,122.02,13.07,1,18126.72,62.22,40.12,59.06,Aluminium,Material Recovery,Q4,7.42,92.58,90.19
EW100185,2025-11-01,2025,11,Nov,Ahmedabad,Gujarat,Television,Informal Collector,Informal,1316,302.79,1013.21,442.73,873.27,94.75,5,19821.33,33.64,20.5,58.33,Glass,Material Recovery,Q4,23.01,76.99,44.77
EW101188,2025-11-01,2025,11,Nov,Ahmedabad,Gujarat,Refrigerator,Municipal Collection,Formal,1335,997.14,337.86,1066.71,268.29,85.2,2,105183.2,79.9,75.42,98.86,Non-ferrous Metals,Landfill/Disposal,Q4,74.69,25.31,98.61
EW101143,2025-11-01,2025,11,Nov,Surat,Gujarat,Laptop,Informal Collector,Informal,4921,787.38,4133.62,1517.42,3403.58,392.56,18,138962.77,30.84,24.94,59.4,Glass,Manual Sorting,Q4,16.0,84.0,91.58
EW100190,2025-11-01,2025,11,Nov,Bengaluru,Karnataka,Refrigerator,Scrap Dealer,Informal,2496,107.16,2388.84,1229.91,1266.09,108.93,4,216165.4,49.28,35.94,64.1,Ferrous Metals,Refurbishment,Q4,4.29,95.71,175.76
EW100267,2025-11-01,2025,11,Nov,Bengaluru,Karnataka,Mobile Phone,Municipal Collection,Formal,3584,3290.82,293.18,2473.4,1110.6,377.54,6,288627.27,69.01,89.99,95.75,Non-ferrous Metals,Material Recovery,Q4,91.82,8.18,116.69
EW100849,2025-11-01,2025,11,Nov,Bengaluru,Karnataka,Small Appliance,Authorized Collection Center,Formal,4780,4132.4,647.6,3753.93,1026.07,233.99,8,542848.41,78.53,90.48,80.63,Copper,Landfill/Disposal,Q4,86.45,13.55,144.61
EW100136,2025-11-01,2025,11,Nov,Mysuru,Karnataka,Television,Retailer,Formal,1844,1513.26,330.74,1716.01,127.99,96.57,1,164212.66,93.06,93.97,88.97,Precious Metals,Dismantling,Q4,82.06,17.94,95.69
EW100250,2025-11-01,2025,11,Nov,Mysuru,Karnataka,Mobile Phone,Scrap Dealer,Informal,166,39.48,126.52,98.52,67.48,16.16,1,12170.35,59.35,11.41,50.31,Copper,Landfill/Disposal,Q4,23.78,76.22,123.53
EW100972,2025-11-01,2025,11,Nov,Mysuru,Karnataka,Laptop,Authorized Collection Center,Formal,4898,3942.62,955.38,4294.27,603.73,347.04,5,276040.23,87.67,95.62,91.27,Aluminium,Repair & Reuse,Q4,80.49,19.51,64.28
EW100753,2025-11-01,2025,11,Nov,Kochi,Kerala,Air Conditioner,Authorized Collection Center,Formal,3925,2991.56,933.44,3093.88,831.12,412.0,9,250926.97,78.83,87.77,87.27,Glass,Landfill/Disposal,Q4,76.22,23.78,81.1
EW101071,2025-11-01,2025,11,Nov,Kochi,Kerala,Printer,Authorized Collection Center,Formal,2835,2141.11,693.89,2234.3,600.7,123.01,5,332597.85,78.81,88.19,91.32,Precious Metals,Dismantling,Q4,75.52,24.48,148.86
EW100048,2025-11-01,2025,11,Nov,Indore,Madhya Pradesh,Television,Municipal Collection,Formal,605,532.85,72.15,469.43,135.57,43.34,1,18926.98,77.59,81.06,92.12,Precious Metals,Landfill/Disposal,Q4,88.07,11.93,40.32
EW100741,2025-11-01,2025,11,Nov,Indore,Madhya Pradesh,Mobile Phone,Authorized Collection Center,Formal,2143,1823.37,319.63,1812.53,330.47,121.39,4,107942.03,84.58,94.97,88.72,Ferrous Metals,Landfill/Disposal,Q4,85.08,14.92,59.55
EW100056,2025-11-01,2025,11,Nov,Mumbai,Maharashtra,Printer,Informal Collector,Informal,3930,891.2,3038.8,1299.46,2630.54,175.79,8,198964.37,33.07,31.61,43.54,Glass,Refurbishment,Q4,22.68,77.32,153.11
EW100352,2025-11-01,2025,11,Nov,Mumbai,Maharashtra,Mobile Phone,Informal Collector,Informal,1344,153.25,1190.75,403.4,940.6,71.0,5,30236.09,30.02,24.78,25.48,Non-ferrous Metals,Refurbishment,Q4,11.4,88.6,74.95
EW100661,2025-11-01,2025,11,Nov,Mumbai,Maharashtra,Laptop,Scrap Dealer,Informal,3836,975.83,2860.17,1373.88,2462.12,392.49,19,98419.17,35.82,22.47,43.41,Mixed/Other,Material Recovery,Q4,25.44,74.56,71.64
EW100884,2025-11-01,2025,11,Nov,Mumbai,Maharashtra,Mobile Phone,Municipal Collection,Formal,396,320.11,75.89,321.06,74.94,28.39,1,38718.06,81.08,92.83,97.0,Non-ferrous Metals,Repair & Reuse,Q4,80.84,19.16,120.59
EW100428,2025-11-01,2025,11,Nov,Nagpur,Maharashtra,Laptop,Informal Collector,Informal,1997,501.53,1495.47,954.01,1042.99,173.45,6,40468.18,47.77,14.31,42.14,Non-ferrous Metals,Landfill/Disposal,Q4,25.11,74.89,42.42
EW100443,2025-11-01,2025,11,Nov,Nashik,Maharashtra,Small Appliance,Authorized Collection Center,Formal,2080,1634.63,445.37,1898.46,181.54,169.84,2,295666.88,91.27,86.84,96.88,Copper,Material Recovery,Q4,78.59,21.41,155.74
EW100804,2025-11-01,2025,11,Nov,Nashik,Maharashtra,Television,Authorized Collection Center,Formal,1717,1613.74,103.26,1574.35,142.65,178.32,1,282907.64,91.69,81.21,92.38,Non-ferrous Metals,Material Recovery,Q4,93.99,6.01,179.7
EW100965,2025-11-01,2025,11,Nov,Nashik,Maharashtra,Laptop,Municipal Collection,Formal,3625,2670.25,954.75,3138.59,486.41,280.78,8,252271.04,86.58,88.78,87.02,Aluminium,Dismantling,Q4,73.66,26.34,80.38
EW101178,2025-11-01,2025,11,Nov,Jaipur,Rajasthan,Laptop,Informal Collector,Informal,2447,315.58,2131.42,1182.4,1264.6,105.8,10,168981.18,48.32,41.13,20.38,Aluminium,Manual Sorting,Q4,12.9,87.1,142.91
EW100453,2025-11-01,2025,11,Nov,Chennai,Tamil Nadu,Mobile Phone,Authorized Collection Center,Formal,251,188.58,62.42,208.58,42.42,28.51,1,32794.58,83.1,85.7,92.01,Mixed/Other,Material Recovery,Q4,75.13,24.87,157.23
EW100827,2025-11-01,2025,11,Nov,Chennai,Tamil Nadu,Tablet,Informal Collector,Informal,3883,263.29,3619.71,2027.15,1855.85,136.31,13,132862.51,52.21,42.95,35.1,Non-ferrous Metals,Dismantling,Q4,6.78,93.22,65.54
EW100329,2025-11-01,2025,11,Nov,Hyderabad,Telangana,Television,Authorized Collection Center,Formal,2046,1667.19,378.81,1732.25,313.75,147.22,2,236888.47,84.67,88.36,83.61,Copper,Manual Sorting,Q4,81.49,18.51,136.75
EW100385,2025-11-01,2025,11,Nov,Hyderabad,Telangana,Monitor,Municipal Collection,Formal,1149,1048.83,100.17,1021.83,127.17,121.86,1,43359.72,88.93,84.65,91.17,Non-ferrous Metals,Manual Sorting,Q4,91.28,8.72,42.43
EW101159,2025-11-01,2025,11,Nov,Hyderabad,Telangana,Refrigerator,Authorized Collection Center,Formal,1964,1562.02,401.98,1454.38,509.62,222.17,4,117564.64,74.05,93.32,75.53,Ferrous Metals,Manual Sorting,Q4,79.53,20.47,80.83
EW100359,2025-11-01,2025,11,Nov,Lucknow,Uttar Pradesh,Mobile Phone,Municipal Collection,Formal,2432,1790.52,641.48,1961.18,470.82,96.82,2,158770.41,80.64,94.41,96.01,Precious Metals,Manual Sorting,Q4,73.62,26.38,80.96
EW100683,2025-11-01,2025,11,Nov,Lucknow,Uttar Pradesh,Television,Authorized Collection Center,Formal,1218,886.71,331.29,1023.78,194.22,119.92,1,174121.03,84.05,91.99,92.95,Mixed/Other,Landfill/Disposal,Q4,72.8,27.2,170.08
EW100643,2025-11-01,2025,11,Nov,Kolkata,West Bengal,Small Appliance,Scrap Dealer,Informal,4938,772.98,4165.02,1635.45,3302.55,348.96,21,197254.89,33.12,8.88,44.66,Plastic,Landfill/Disposal,Q4,15.65,84.35,120.61
EW100205,2025-12-01,2025,12,Dec,Guwahati,Assam,Tablet,Retailer,Formal,2304,1884.91,419.09,2127.61,176.39,209.12,2,87513.66,92.34,88.55,97.32,Ferrous Metals,Dismantling,Q4,81.81,18.19,41.13
EW100726,2025-12-01,2025,12,Dec,Guwahati,Assam,Television,Informal Collector,Informal,545,92.19,452.81,233.22,311.78,49.14,2,8765.69,42.79,26.65,23.98,Ferrous Metals,Repair & Reuse,Q4,16.92,83.08,37.59
EW100796,2025-12-01,2025,12,Dec,Guwahati,Assam,Tablet,Authorized Collection Center,Formal,4931,4470.11,460.89,4330.85,600.15,237.34,5,478921.68,87.83,79.13,82.33,Non-ferrous Metals,Manual Sorting,Q4,90.65,9.35,110.58
EW100619,2025-12-01,2025,12,Dec,Delhi,Delhi,Laptop,Municipal Collection,Formal,981,819.85,161.15,695.94,285.06,60.45,2,114051.57,70.94,76.16,88.52,Aluminium,Refurbishment,Q4,83.57,16.43,163.88
EW100074,2025-12-01,2025,12,Dec,Ahmedabad,Gujarat,Laptop,Producer Take-back,Formal,1216,1103.64,112.36,1019.87,196.13,140.37,1,176786.15,83.87,78.24,86.61,Non-ferrous Metals,Repair & Reuse,Q4,90.76,9.24,173.34
EW100563,2025-12-01,2025,12,Dec,Ahmedabad,Gujarat,Mobile Phone,Authorized Collection Center,Formal,4502,4309.25,192.75,4168.76,333.24,234.21,4,328623.89,92.6,96.48,98.33,Ferrous Metals,Dismantling,Q4,95.72,4.28,78.83
EW100171,2025-12-01,2025,12,Dec,Surat,Gujarat,Laptop,Scrap Dealer,Informal,1867,360.14,1506.86,661.13,1205.87,208.45,7,76865.81,35.41,9.44,40.12,Aluminium,Landfill/Disposal,Q4,19.29,80.71,116.26
EW100195,2025-12-01,2025,12,Dec,Bengaluru,Karnataka,Television,Informal Collector,Informal,2534,305.35,2228.65,1151.73,1382.27,188.3,8,184862.48,45.45,44.23,38.34,Plastic,Repair & Reuse,Q4,12.05,87.95,160.51
EW100800,2025-12-01,2025,12,Dec,Bengaluru,Karnataka,Television,Authorized Collection Center,Formal,1305,1206.74,98.26,1221.33,83.67,41.49,2,87535.22,93.59,75.97,84.67,Glass,Refurbishment,Q4,92.47,7.53,71.67
EW100698,2025-12-01,2025,12,Dec,Mysuru,Karnataka,Mobile Phone,Informal Collector,Informal,1283,55.02,1227.98,779.31,503.69,83.44,3,79522.87,60.74,20.6,58.86,Aluminium,Manual Sorting,Q4,4.29,95.71,102.04
EW101146,2025-12-01,2025,12,Dec,Mysuru,Karnataka,Mobile Phone,Municipal Collection,Formal,841,730.79,110.21,699.65,141.35,53.21,1,92316.11,83.19,84.32,81.12,Plastic,Dismantling,Q4,86.9,13.1,131.95
EW100570,2025-12-01,2025,12,Dec,Kochi,Kerala,Air Conditioner,Authorized Collection Center,Formal,4609,4316.69,292.31,3490.71,1118.29,465.68,3,611556.86,75.74,87.64,82.28,Precious Metals,Repair & Reuse,Q4,93.66,6.34,175.2
EW100573,2025-12-01,2025,12,Dec,Kochi,Kerala,Television,Producer Take-back,Formal,1976,1741.03,234.97,1690.74,285.26,197.52,3,217488.7,85.56,75.32,78.89,Copper,Dismantling,Q4,88.11,11.89,128.64
EW100574,2025-12-01,2025,12,Dec,Kochi,Kerala,Small Appliance,Authorized Collection Center,Formal,3721,2905.7,815.3,2791.14,929.86,330.91,5,176426.47,75.01,92.56,78.7,Ferrous Metals,Manual Sorting,Q4,78.09,21.91,63.21
EW100764,2025-12-01,2025,12,Dec,Kochi,Kerala,Small Appliance,Authorized Collection Center,Formal,3043,2933.0,110.0,2498.34,544.66,301.73,2,163936.1,82.1,87.05,75.48,Ferrous Metals,Repair & Reuse,Q4,96.39,3.61,65.62
EW100789,2025-12-01,2025,12,Dec,Kochi,Kerala,Television,Informal Collector,Informal,1431,393.77,1037.23,551.08,879.92,133.47,3,40159.53,38.51,25.48,34.38,Ferrous Metals,Landfill/Disposal,Q4,27.52,72.48,72.87
EW100923,2025-12-01,2025,12,Dec,Bhopal,Madhya Pradesh,Monitor,Scrap Dealer,Informal,244,13.17,230.83,84.64,159.36,12.66,1,5405.04,34.69,36.48,40.78,Non-ferrous Metals,Landfill/Disposal,Q4,5.4,94.6,63.86
EW101019,2025-12-01,2025,12,Dec,Indore,Madhya Pradesh,Monitor,Informal Collector,Informal,685,58.84,626.16,268.89,416.11,32.34,3,43825.47,39.25,16.88,57.06,Aluminium,Material Recovery,Q4,8.59,91.41,162.99
EW100027,2025-12-01,2025,12,Dec,Mumbai,Maharashtra,Television,Informal Collector,Informal,2929,257.26,2671.74,750.18,2178.82,333.93,9,84927.77,25.61,32.36,47.71,Mixed/Other,Dismantling,Q4,8.78,91.22,113.21
EW100187,2025-12-01,2025,12,Dec,Mumbai,Maharashtra,Television,Informal Collector,Informal,3060,574.95,2485.05,819.81,2240.19,301.63,14,69082.4,26.79,25.69,37.05,Plastic,Material Recovery,Q4,18.79,81.21,84.27
EW100030,2025-12-01,2025,12,Dec,Nashik,Maharashtra,Mobile Phone,Scrap Dealer,Informal,2866,795.4,2070.6,1189.52,1676.48,181.94,12,100415.54,41.5,42.23,58.63,Ferrous Metals,Manual Sorting,Q4,27.75,72.25,84.42
EW101166,2025-12-01,2025,12,Dec,Nashik,Maharashtra,Monitor,Producer Take-back,Formal,615,495.98,119.02,439.42,175.58,63.37,1,30787.16,71.45,87.87,84.64,Plastic,Repair & Reuse,Q4,80.65,19.35,70.06
EW100090,2025-12-01,2025,12,Dec,Pune,Maharashtra,Tablet,Informal Collector,Informal,374,26.26,347.74,106.08,267.92,22.21,1,5494.72,28.36,20.07,20.41,Copper,Material Recovery,Q4,7.02,92.98,51.8
EW100240,2025-12-01,2025,12,Dec,Pune,Maharashtra,Tablet,Municipal Collection,Formal,1257,1051.81,205.19,1054.86,202.14,61.82,3,37942.1,83.92,93.54,90.0,Aluminium,Refurbishment,Q4,83.68,16.32,35.97
EW100054,2025-12-01,2025,12,Dec,Jaipur,Rajasthan,Television,Authorized Collection Center,Formal,4865,4077.4,787.6,4002.13,862.87,386.3,5,537337.22,82.26,77.11,78.33,Ferrous Metals,Refurbishment,Q4,83.81,16.19,134.26
EW100899,2025-12-01,2025,12,Dec,Jaipur,Rajasthan,Television,Scrap Dealer,Informal,1921,323.31,1597.69,1061.53,859.47,76.75,8,122658.22,55.26,32.6,63.71,Glass,Landfill/Disposal,Q4,16.83,83.17,115.55
EW101186,2025-12-01,2025,12,Dec,Jaipur,Rajasthan,Refrigerator,Municipal Collection,Formal,1704,1266.1,437.9,1561.07,142.93,133.25,3,67800.19,91.61,87.64,87.95,Mixed/Other,Dismantling,Q4,74.3,25.7,43.43
EW100864,2025-12-01,2025,12,Dec,Chennai,Tamil Nadu,Printer,Authorized Collection Center,Formal,3570,2876.28,693.72,2781.82,788.18,305.68,7,255494.32,77.92,96.72,88.44,Glass,Refurbishment,Q4,80.57,19.43,91.84
EW100172,2025-12-01,2025,12,Dec,Hyderabad,Telangana,Mobile Phone,Retailer,Formal,3997,3375.7,621.3,2736.67,1260.33,271.52,3,479204.72,68.47,78.06,91.98,Aluminium,Material Recovery,Q4,84.46,15.54,175.11
EW100174,2025-12-01,2025,12,Dec,Hyderabad,Telangana,Laptop,Authorized Collection Center,Formal,3527,2799.72,727.28,3154.47,372.53,129.38,4,444420.38,89.44,89.37,76.55,Glass,Dismantling,Q4,79.38,20.62,140.89
EW100004,2025-12-01,2025,12,Dec,Lucknow,Uttar Pradesh,Printer,Producer Take-back,Formal,3878,3317.31,560.69,3606.17,271.83,411.1,8,408418.14,92.99,89.08,98.17,Glass,Repair & Reuse,Q4,85.54,14.46,113.26
EW100505,2025-12-01,2025,12,Dec,Kolkata,West Bengal,Television,Scrap Dealer,Informal,4664,959.05,3704.95,2891.04,1772.96,356.99,8,322599.27,61.99,10.07,46.66,Non-ferrous Metals,Manual Sorting,Q4,20.56,79.44,111.59
EW100932,2025-12-01,2025,12,Dec,Kolkata,West Bengal,Printer,Municipal Collection,Formal,3945,2933.57,1011.43,2814.85,1130.15,203.42,8,475903.53,71.35,94.83,83.02,Copper,Landfill/Disposal,Q4,74.36,25.64,169.07
EW101120,2025-12-01,2025,12,Dec,Kolkata,West Bengal,Mobile Phone,Retailer,Formal,1519,1392.55,126.45,1339.09,179.91,100.92,3,229047.45,88.16,75.3,79.14,Aluminium,Landfill/Disposal,Q4,91.68,8.32,171.05
